Ticker,Entry Score,Sector,Entry Price,Stop Loss,Risk %,Target 1,Target 2,Risk Reward,Breakout Date,Breakout Volume Ratio,Trade Quality,Setup ID,Recommendation,Confidence,Reason Text
360ONE.NS,90.0,Unknown,1129.0,1083.78,2.67,1189.3,1219.45,2.0,2026-07-10,1.88,A,S1 Early Accumulation + S5 Breakout,Buy,Very High,"Score: 90.0
Reasons:
✔ EMA alignment
✔ Momentum stack positive
✔ Trend confirmed
✔ Breakout confirmed
✔ Breakout volume strong (1.9x)
✔ Relative strength rank strong
✔ ATR not expanding abnormally
✔ Not excessively extended"
PREMIERENE.NS,90.0,Unknown,1117.2,1070.73,2.77,1179.16,1210.14,2.0,2026-07-10,2.13,A,S1 Early Accumulation + S5 Breakout,Buy,Very High,"Score: 90.0
Reasons:
✔ EMA alignment
✔ Momentum stack positive
✔ Trend confirmed
✔ Breakout confirmed
✔ Breakout volume strong (2.1x)
✔ Relative strength rank strong
✔ ATR not expanding abnormally
✔ Not excessively extended"
BIOCON.NS,90.0,Unknown,418.5,402.39,2.57,439.98,450.73,2.0,2026-07-10,1.14,A,S1 Early Accumulation + S5 Breakout,Buy,Very High,"Score: 90.0
Reasons:
✔ EMA alignment
✔ Momentum stack positive
✔ Trend confirmed
✔ Breakout confirmed
✔ Breakout volume strong (1.1x)
✔ Relative strength rank strong
✔ ATR not expanding abnormally
✔ Not excessively extended"
SOLARINDS.NS,90.0,Unknown,18236.0,17313.5,3.37,19466.0,20081.0,2.0,2026-07-10,1.38,A,S1 Early Accumulation + S5 Breakout,Buy,Very High,"Score: 90.0
Reasons:
✔ EMA alignment
✔ Momentum stack positive
✔ Trend confirmed
✔ Breakout confirmed
✔ Breakout volume strong (1.4x)
✔ Relative strength rank strong
✔ ATR not expanding abnormally
✔ Not excessively extended"
FORTIS.NS,90.0,Unknown,968.0,935.46,2.24,1011.38,1033.07,2.0,2026-07-10,1.05,A,S1 Early Accumulation + S5 Breakout,Buy,Very High,"Score: 90.0
Reasons:
✔ EMA alignment
✔ Momentum stack positive
✔ Trend confirmed
✔ Breakout confirmed
✔ Breakout volume strong (1.1x)
✔ Relative strength rank strong
✔ ATR not expanding abnormally
✔ Not excessively extended"
PNBHOUSING.NS,90.0,Unknown,1110.6,1067.76,2.57,1167.72,1196.28,2.0,2026-07-10,1.12,A,S1 Early Accumulation + S5 Breakout,Buy,Very High,"Score: 90.0
Reasons:
✔ EMA alignment
✔ Momentum stack positive
✔ Trend confirmed
✔ Breakout confirmed
✔ Breakout volume strong (1.1x)
✔ Relative strength rank strong
✔ ATR not expanding abnormally
✔ Not excessively extended"
BANDHANBNK.NS,90.0,Unknown,210.0,199.21,3.43,224.39,231.59,2.0,2026-07-10,2.04,A,S1 Early Accumulation + S5 Breakout,Buy,Very High,"Score: 90.0
Reasons:
✔ EMA alignment
✔ Momentum stack positive
✔ Trend confirmed
✔ Breakout confirmed
✔ Breakout volume strong (2.0x)
✔ Relative strength rank strong
✔ ATR not expanding abnormally
✔ Not excessively extended"
RBLBANK.NS,90.0,Unknown,380.65,365.77,2.61,400.49,410.4,2.0,2026-07-10,1.55,A,S1 Early Accumulation + S5 Breakout,Buy,Very High,"Score: 90.0
Reasons:
✔ EMA alignment
✔ Momentum stack positive
✔ Trend confirmed
✔ Breakout confirmed
✔ Breakout volume strong (1.5x)
✔ Relative strength rank strong
✔ ATR not expanding abnormally
✔ Not excessively extended"
CHENNPETRO.NS,90.0,Unknown,1180.7,1120.45,3.4,1261.03,1301.19,2.0,2026-07-10,2.44,A,S1 Early Accumulation + S5 Breakout,Buy,Very High,"Score: 90.0
Reasons:
✔ EMA alignment
✔ Momentum stack positive
✔ Trend confirmed
✔ Breakout confirmed
✔ Breakout volume strong (2.4x)
✔ Relative strength rank strong
✔ ATR not expanding abnormally
✔ Not excessively extended"
CAMS.NS,90.0,Unknown,790.5,759.95,2.58,831.23,851.6,2.0,2026-07-10,1.2,A,S1 Early Accumulation + S5 Breakout,Buy,Very High,"Score: 90.0
Reasons:
✔ EMA alignment
✔ Momentum stack positive
✔ Trend confirmed
✔ Breakout confirmed
✔ Breakout volume strong (1.2x)
✔ Relative strength rank strong
✔ ATR not expanding abnormally
✔ Not excessively extended"
SAILIFE.NS,90.0,Unknown,1265.0,1210.69,2.86,1337.41,1373.62,2.0,2026-07-10,2.11,A,S1 Early Accumulation + S5 Breakout,Buy,Very High,"Score: 90.0
Reasons:
✔ EMA alignment
✔ Momentum stack positive
✔ Trend confirmed
✔ Breakout confirmed
✔ Breakout volume strong (2.1x)
✔ Relative strength rank strong
✔ ATR not expanding abnormally
✔ Not excessively extended"
MOTILALOFS.NS,90.0,Unknown,979.35,941.62,2.57,1029.66,1054.81,2.0,2026-07-10,1.55,A,S1 Early Accumulation + S5 Breakout,Buy,Very High,"Score: 90.0
Reasons:
✔ EMA alignment
✔ Momentum stack positive
✔ Trend confirmed
✔ Breakout confirmed
✔ Breakout volume strong (1.6x)
✔ Relative strength rank strong
✔ ATR not expanding abnormally
✔ Not excessively extended"
ATGL.NS,90.0,Unknown,723.9,688.87,3.23,770.61,793.97,2.0,2026-07-10,2.66,A,S1 Early Accumulation + S5 Breakout,Buy,Very High,"Score: 90.0
Reasons:
✔ EMA alignment
✔ Momentum stack positive
✔ Trend confirmed
✔ Breakout confirmed
✔ Breakout volume strong (2.7x)
✔ Relative strength rank strong
✔ ATR not expanding abnormally
✔ Not excessively extended"
ADANIENT.NS,90.0,Unknown,3157.3,3029.05,2.71,3328.3,3413.8,2.0,2026-07-10,1.02,A,S1 Early Accumulation + S5 Breakout,Buy,Very High,"Score: 90.0
Reasons:
✔ EMA alignment
✔ Momentum stack positive
✔ Trend confirmed
✔ Breakout confirmed
✔ Breakout volume strong (1.0x)
✔ Relative strength rank strong
✔ ATR not expanding abnormally
✔ Not excessively extended"
LLOYDSME.NS,90.0,Unknown,1799.6,1718.45,3.01,1907.8,1961.9,2.0,2026-07-10,1.41,A,S1 Early Accumulation + S5 Breakout,Buy,Very High,"Score: 90.0
Reasons:
✔ EMA alignment
✔ Momentum stack positive
✔ Trend confirmed
✔ Breakout confirmed
✔ Breakout volume strong (1.4x)
✔ Relative strength rank strong
✔ ATR not expanding abnormally
✔ Not excessively extended"
INDHOTEL.NS,90.0,Unknown,752.3,730.62,1.92,781.2,795.65,2.0,2026-07-10,1.13,A,S1 Early Accumulation + S5 Breakout,Buy,Very High,"Score: 90.0
Reasons:
✔ EMA alignment
✔ Momentum stack positive
✔ Trend confirmed
✔ Breakout confirmed
✔ Breakout volume strong (1.1x)
✔ Relative strength rank strong
✔ ATR not expanding abnormally
✔ Not excessively extended"
GRAVITA.NS,86.0,Unknown,1854.6,1756.19,3.54,1985.81,2051.41,2.0,2026-07-10,1.95,B,S1 Early Accumulation + S5 Breakout,Watch Closely,High,"Score: 86.0
Reasons:
✔ EMA alignment
✔ Momentum stack positive
✔ Trend confirmed
✔ Breakout confirmed
✔ Breakout volume strong (2.0x)
✔ Relative strength rank strong
✔ ATR not expanding abnormally"
GODREJIND.NS,86.0,Unknown,1417.7,1348.94,3.23,1509.38,1555.22,2.0,2026-07-10,8.34,B,S1 Early Accumulation + S5 Breakout,Watch Closely,High,"Score: 86.0
Reasons:
✔ EMA alignment
✔ Momentum stack positive
✔ Trend confirmed
✔ Breakout confirmed
✔ Breakout volume strong (8.3x)
✔ Relative strength rank strong
✔ ATR not expanding abnormally"
IKS.NS,86.0,Unknown,1928.1,1844.69,2.88,2039.31,2094.91,2.0,2026-07-10,1.06,B,S1 Early Accumulation + S5 Breakout,Watch Closely,High,"Score: 86.0
Reasons:
✔ EMA alignment
✔ Momentum stack positive
✔ Trend confirmed
✔ Breakout confirmed
✔ Breakout volume strong (1.1x)
✔ Relative strength rank strong
✔ ATR not expanding abnormally"
PHOENIXLTD.NS,86.0,Unknown,2138.9,2049.57,2.78,2258.01,2317.56,2.0,2026-07-10,1.05,B,S1 Early Accumulation + S5 Breakout,Watch Closely,High,"Score: 86.0
Reasons:
✔ EMA alignment
✔ Momentum stack positive
✔ Trend confirmed
✔ Breakout confirmed
✔ Breakout volume strong (1.0x)
✔ Relative strength rank strong
✔ ATR not expanding abnormally"
OFSS.NS,86.0,Unknown,11651.0,11139.73,2.93,12332.7,12673.55,2.0,2026-07-10,1.52,B,S1 Early Accumulation + S5 Breakout,Watch Closely,High,"Score: 86.0
Reasons:
✔ EMA alignment
✔ Momentum stack positive
✔ Trend confirmed
✔ Breakout confirmed
✔ Breakout volume strong (1.5x)
✔ Relative strength rank strong
✔ ATR not expanding abnormally"
PAYTM.NS,86.0,Unknown,1341.8,1286.38,2.75,1415.69,1452.64,2.0,2026-07-10,2.47,B,S1 Early Accumulation + S5 Breakout,Watch Closely,High,"Score: 86.0
Reasons:
✔ EMA alignment
✔ Momentum stack positive
✔ Trend confirmed
✔ Breakout confirmed
✔ Breakout volume strong (2.5x)
✔ Relative strength rank strong
✔ ATR not expanding abnormally"
J&KBANK.NS,86.0,Unknown,192.65,183.1,3.31,205.39,211.76,2.0,2026-07-10,4.73,B,S1 Early Accumulation + S5 Breakout,Watch Closely,High,"Score: 86.0
Reasons:
✔ EMA alignment
✔ Momentum stack positive
✔ Trend confirmed
✔ Breakout confirmed
✔ Breakout volume strong (4.7x)
✔ Relative strength rank strong
✔ ATR not expanding abnormally"
JINDALSAW.NS,86.0,Unknown,275.8,261.82,3.38,294.44,303.76,2.0,2026-07-10,1.57,B,S1 Early Accumulation + S5 Breakout,Watch Closely,High,"Score: 86.0
Reasons:
✔ EMA alignment
✔ Momentum stack positive
✔ Trend confirmed
✔ Breakout confirmed
✔ Breakout volume strong (1.6x)
✔ Relative strength rank strong
✔ ATR not expanding abnormally"
ANANDRATHI.NS,86.0,Unknown,2146.8,2048.66,3.05,2277.65,2343.08,2.0,2026-07-10,2.59,B,S1 Early Accumulation + S5 Breakout,Watch Closely,High,"Score: 86.0
Reasons:
✔ EMA alignment
✔ Momentum stack positive
✔ Trend confirmed
✔ Breakout confirmed
✔ Breakout volume strong (2.6x)
✔ Relative strength rank strong
✔ ATR not expanding abnormally"
NYKAA.NS,86.0,Unknown,330.1,317.89,2.47,346.39,354.53,2.0,2026-07-10,1.05,B,S1 Early Accumulation + S5 Breakout,Watch Closely,High,"Score: 86.0
Reasons:
✔ EMA alignment
✔ Momentum stack positive
✔ Trend confirmed
✔ Breakout confirmed
✔ Breakout volume strong (1.1x)
✔ Relative strength rank strong
✔ ATR not expanding abnormally"
INDIANB.NS,82.0,Unknown,870.7,837.57,2.54,914.88,936.97,2.0,2026-07-10,5.09,B,S1 Early Accumulation + S5 Breakout,Watch Closely,High,"Score: 82.0
Reasons:
✔ EMA alignment
✔ Breakout confirmed
✔ Breakout volume strong (5.1x)
✔ Relative strength rank strong
✔ ATR not expanding abnormally
✔ Not excessively extended"
HAL.NS,82.0,Unknown,4506.8,4358.28,2.2,4704.83,4803.84,2.0,2026-07-10,1.36,B,S1 Early Accumulation + S5 Breakout,Watch Closely,High,"Score: 82.0
Reasons:
✔ EMA alignment
✔ Breakout confirmed
✔ Breakout volume strong (1.4x)
✔ Relative strength rank strong
✔ ATR not expanding abnormally
✔ Not excessively extended"
LICHSGFIN.NS,82.0,Unknown,549.15,531.74,2.11,572.37,583.98,2.0,2026-07-10,1.1,B,S1 Early Accumulation + S5 Breakout,Watch Closely,High,"Score: 82.0
Reasons:
✔ EMA alignment
✔ Breakout confirmed
✔ Breakout volume strong (1.1x)
✔ Relative strength rank strong
✔ ATR not expanding abnormally
✔ Not excessively extended"
MRPL.NS,82.0,Unknown,162.49,154.34,3.35,173.36,178.8,2.0,2026-07-10,6.17,B,S1 Early Accumulation + S5 Breakout,Watch Closely,High,"Score: 82.0
Reasons:
✔ EMA alignment
✔ Breakout confirmed
✔ Breakout volume strong (6.2x)
✔ Relative strength rank strong
✔ ATR not expanding abnormally
✔ Not excessively extended"
ANANTRAJ.NS,82.0,Unknown,585.85,560.64,2.87,619.46,636.27,2.0,2026-07-10,2.04,B,S1 Early Accumulation + S5 Breakout,Watch Closely,High,"Score: 82.0
Reasons:
✔ EMA alignment
✔ Breakout confirmed
✔ Breakout volume strong (2.0x)
✔ Relative strength rank strong
✔ ATR not expanding abnormally
✔ Not excessively extended"
SUMICHEM.NS,82.0,Unknown,513.7,485.02,3.72,551.95,571.07,2.0,2026-07-10,1.03,B,S1 Early Accumulation + S5 Breakout,Watch Closely,High,"Score: 82.0
Reasons:
✔ EMA alignment
✔ Breakout confirmed
✔ Breakout volume strong (1.0x)
✔ Relative strength rank strong
✔ ATR not expanding abnormally
✔ Not excessively extended"
TATAINVEST.NS,82.0,Unknown,693.75,671.51,2.14,723.4,738.23,2.0,2026-07-10,1.22,B,S1 Early Accumulation + S5 Breakout,Watch Closely,High,"Score: 82.0
Reasons:
✔ EMA alignment
✔ Breakout confirmed
✔ Breakout volume strong (1.2x)
✔ Relative strength rank strong
✔ ATR not expanding abnormally
✔ Not excessively extended"
BANKINDIA.NS,82.0,Unknown,144.9,139.27,2.59,152.41,156.16,2.0,2026-07-10,1.59,B,S1 Early Accumulation + S5 Breakout,Watch Closely,High,"Score: 82.0
Reasons:
✔ EMA alignment
✔ Breakout confirmed
✔ Breakout volume strong (1.6x)
✔ Relative strength rank strong
✔ ATR not expanding abnormally
✔ Not excessively extended"
UNOMINDA.NS,82.0,Unknown,1166.1,1113.58,3.0,1236.13,1271.15,2.0,2026-07-10,1.05,B,S1 Early Accumulation + S5 Breakout,Watch Closely,High,"Score: 82.0
Reasons:
✔ EMA alignment
✔ Breakout confirmed
✔ Breakout volume strong (1.1x)
✔ Relative strength rank strong
✔ ATR not expanding abnormally
✔ Not excessively extended"
ARE&M.NS,82.0,Unknown,890.05,855.81,2.56,935.7,958.53,2.0,2026-07-10,2.59,B,S1 Early Accumulation + S5 Breakout,Watch Closely,High,"Score: 82.0
Reasons:
✔ EMA alignment
✔ Breakout confirmed
✔ Breakout volume strong (2.6x)
✔ Relative strength rank strong
✔ ATR not expanding abnormally
✔ Not excessively extended"
SOBHA.NS,82.0,Unknown,1511.3,1447.56,2.81,1596.29,1638.79,2.0,2026-07-10,2.26,B,S1 Early Accumulation + S5 Breakout,Watch Closely,High,"Score: 82.0
Reasons:
✔ EMA alignment
✔ Breakout confirmed
✔ Breakout volume strong (2.3x)
✔ Relative strength rank strong
✔ ATR not expanding abnormally
✔ Not excessively extended"
ASAHIINDIA.NS,82.0,Unknown,914.9,873.62,3.01,969.94,997.45,2.0,2026-07-10,2.52,B,S1 Early Accumulation + S5 Breakout,Watch Closely,High,"Score: 82.0
Reasons:
✔ EMA alignment
✔ Breakout confirmed
✔ Breakout volume strong (2.5x)
✔ Relative strength rank strong
✔ ATR not expanding abnormally
✔ Not excessively extended"
DLF.NS,78.0,Unknown,685.75,654.72,3.02,727.12,747.8,2.0,2026-07-10,2.16,C,S1 Early Accumulation + S5 Breakout,Watch,Medium,"Score: 78.0
Reasons:
✔ EMA alignment
✔ Breakout confirmed
✔ Breakout volume strong (2.2x)
✔ Relative strength rank strong
✔ ATR not expanding abnormally"
MAHABANK.NS,78.0,Unknown,84.25,79.76,3.55,90.24,93.23,2.0,2026-07-10,3.58,C,S5 Breakout + S6 Breakout Retest,Watch,Medium,"Score: 78.0
Reasons:
✔ Momentum stack positive
✔ Breakout confirmed
✔ Breakout volume strong (3.6x)
✔ Relative strength rank strong
✔ ATR not expanding abnormally
✔ Not excessively extended"
POLYCAB.NS,78.0,Unknown,9210.5,8861.98,2.52,9675.2,9907.55,2.0,2026-07-10,1.11,C,S5 Breakout + S6 Breakout Retest,Watch,Medium,"Score: 78.0
Reasons:
✔ Momentum stack positive
✔ Breakout confirmed
✔ Breakout volume strong (1.1x)
✔ Relative strength rank strong
✔ ATR not expanding abnormally
✔ Not excessively extended"
BLUEJET.NS,78.0,Unknown,624.05,590.02,3.64,669.43,692.11,2.0,2026-07-10,5.2,C,S1 Early Accumulation + S5 Breakout,Watch,Medium,"Score: 78.0
Reasons:
✔ EMA alignment
✔ Breakout confirmed
✔ Breakout volume strong (5.2x)
✔ Relative strength rank strong
✔ ATR not expanding abnormally"
GODREJPROP.NS,78.0,Unknown,2133.0,2048.44,2.64,2245.74,2302.11,2.0,2026-07-10,1.69,C,S1 Early Accumulation + S5 Breakout,Watch,Medium,"Score: 78.0
Reasons:
✔ EMA alignment
✔ Breakout confirmed
✔ Breakout volume strong (1.7x)
✔ Relative strength rank strong
✔ ATR not expanding abnormally"
RHIM.NS,78.0,Unknown,420.35,393.89,4.2,455.64,473.28,2.0,2026-07-10,1.15,C,S1 Early Accumulation + S5 Breakout,Watch,Medium,"Score: 78.0
Reasons:
✔ EMA alignment
✔ Breakout confirmed
✔ Breakout volume strong (1.1x)
✔ Relative strength rank strong
✔ ATR not expanding abnormally"
CDSL.NS,78.0,Unknown,1431.9,1376.05,2.6,1506.37,1543.61,2.0,2026-07-10,3.82,C,S1 Early Accumulation + S5 Breakout,Watch,Medium,"Score: 78.0
Reasons:
✔ EMA alignment
✔ Breakout confirmed
✔ Breakout volume strong (3.8x)
✔ Relative strength rank strong
✔ ATR not expanding abnormally"
LODHA.NS,78.0,Unknown,1220.75,1160.76,3.28,1300.74,1340.73,2.0,2026-07-10,1.66,C,S1 Early Accumulation + S5 Breakout,Watch,Medium,"Score: 78.0
Reasons:
✔ EMA alignment
✔ Breakout confirmed
✔ Breakout volume strong (1.7x)
✔ Relative strength rank strong
✔ ATR not expanding abnormally"
KALYANKJIL.NS,78.0,Unknown,476.15,448.3,3.9,513.28,531.85,2.0,2026-07-10,5.58,C,S1 Early Accumulation + S5 Breakout,Watch,Medium,"Score: 78.0
Reasons:
✔ EMA alignment
✔ Breakout confirmed
✔ Breakout volume strong (5.6x)
✔ Relative strength rank strong
✔ ATR not expanding abnormally"
NEWGEN.NS,70.0,Unknown,517.2,491.88,3.26,550.96,567.83,2.0,2026-07-10,11.73,C,S5 Breakout + S6 Breakout Retest,Reject,Low,"Score: 70.0
Reasons:
✔ Breakout confirmed
✔ Breakout volume strong (11.7x)
✔ Relative strength rank strong
✔ ATR not expanding abnormally
✔ Not excessively extended"
NCC.NS,70.0,Unknown,145.76,139.68,2.78,153.87,157.92,2.0,2026-07-10,1.22,C,S5 Breakout + S6 Breakout Retest,Reject,Low,"Score: 70.0
Reasons:
✔ Breakout confirmed
✔ Breakout volume strong (1.2x)
✔ Relative strength rank strong
✔ ATR not expanding abnormally
✔ Not excessively extended"
MPHASIS.NS,70.0,Unknown,2321.9,2208.18,3.27,2473.53,2549.34,2.0,2026-07-10,1.04,C,S5 Breakout + S6 Breakout Retest,Reject,Low,"Score: 70.0
Reasons:
✔ Breakout confirmed
✔ Breakout volume strong (1.0x)
✔ Relative strength rank strong
✔ ATR not expanding abnormally
✔ Not excessively extended"
NUVOCO.NS,70.0,Unknown,320.2,306.42,2.87,338.58,347.76,2.0,2026-07-10,1.28,C,S5 Breakout + S6 Breakout Retest,Reject,Low,"Score: 70.0
Reasons:
✔ Breakout confirmed
✔ Breakout volume strong (1.3x)
✔ Relative strength rank strong
✔ ATR not expanding abnormally
✔ Not excessively extended"
UTIAMC.NS,70.0,Unknown,1004.3,970.34,2.25,1049.58,1072.22,2.0,2026-07-10,2.74,C,S5 Breakout + S6 Breakout Retest,Reject,Low,"Score: 70.0
Reasons:
✔ Breakout confirmed
✔ Breakout volume strong (2.7x)
✔ Relative strength rank strong
✔ ATR not expanding abnormally
✔ Not excessively extended"
SAGILITY.NS,70.0,Unknown,42.53,40.75,2.8,44.91,46.1,2.0,2026-07-10,2.1,C,S5 Breakout + S6 Breakout Retest,Reject,Low,"Score: 70.0
Reasons:
✔ Breakout confirmed
✔ Breakout volume strong (2.1x)
✔ Relative strength rank strong
✔ ATR not expanding abnormally
✔ Not excessively extended"
TORNTPHARM.NS,70.0,Unknown,4901.5,4759.25,1.93,5091.17,5186.01,2.0,2026-07-10,1.84,C,S1 Early Accumulation + S6 Breakout Retest,Reject,Low,"Score: 70.0
Reasons:
✔ EMA alignment
✔ Momentum stack positive
✔ Trend confirmed
✔ Breakout volume strong (1.8x)
✔ Relative strength rank strong
✔ ATR not expanding abnormally
✔ Not excessively extended"
TMPV.NS,70.0,Unknown,337.95,322.11,3.13,359.08,369.64,2.0,2026-07-10,1.37,C,S5 Breakout + S6 Breakout Retest,Reject,Low,"Score: 70.0
Reasons:
✔ Breakout confirmed
✔ Breakout volume strong (1.4x)
✔ Relative strength rank strong
✔ ATR not expanding abnormally
✔ Not excessively extended"
PERSISTENT.NS,70.0,Unknown,5053.9,4798.33,3.37,5394.66,5565.04,2.0,2026-07-10,1.11,C,S5 Breakout + S6 Breakout Retest,Reject,Low,"Score: 70.0
Reasons:
✔ Breakout confirmed
✔ Breakout volume strong (1.1x)
✔ Relative strength rank strong
✔ ATR not expanding abnormally
✔ Not excessively extended"
TATAELXSI.NS,70.0,Unknown,3690.3,3538.8,2.74,3892.3,3993.3,2.0,2026-07-10,1.08,C,S5 Breakout + S6 Breakout Retest,Reject,Low,"Score: 70.0
Reasons:
✔ Breakout confirmed
✔ Breakout volume strong (1.1x)
✔ Relative strength rank strong
✔ ATR not expanding abnormally
✔ Not excessively extended"
PNB.NS,70.0,Unknown,105.41,102.4,1.9,109.42,111.42,2.0,2026-07-10,1.65,C,S5 Breakout + S6 Breakout Retest,Reject,Low,"Score: 70.0
Reasons:
✔ Breakout confirmed
✔ Breakout volume strong (1.7x)
✔ Relative strength rank strong
✔ ATR not expanding abnormally
✔ Not excessively extended"
RVNL.NS,70.0,Unknown,232.67,224.63,2.3,243.39,248.75,2.0,2026-07-10,1.22,C,S5 Breakout + S6 Breakout Retest,Reject,Low,"Score: 70.0
Reasons:
✔ Breakout confirmed
✔ Breakout volume strong (1.2x)
✔ Relative strength rank strong
✔ ATR not expanding abnormally
✔ Not excessively extended"
RAILTEL.NS,70.0,Unknown,307.5,295.05,2.7,324.1,332.4,2.0,2026-07-10,1.15,C,S5 Breakout + S6 Breakout Retest,Reject,Low,"Score: 70.0
Reasons:
✔ Breakout confirmed
✔ Breakout volume strong (1.1x)
✔ Relative strength rank strong
✔ ATR not expanding abnormally
✔ Not excessively extended"
SBFC.NS,70.0,Unknown,91.96,88.15,2.76,97.04,99.58,2.0,2026-07-10,3.11,C,S5 Breakout + S6 Breakout Retest,Reject,Low,"Score: 70.0
Reasons:
✔ Breakout confirmed
✔ Breakout volume strong (3.1x)
✔ Relative strength rank strong
✔ ATR not expanding abnormally
✔ Not excessively extended"
SIGNATURE.NS,70.0,Unknown,848.85,804.2,3.51,908.38,938.14,2.0,2026-07-10,1.79,C,S5 Breakout + S6 Breakout Retest,Reject,Low,"Score: 70.0
Reasons:
✔ Breakout confirmed
✔ Breakout volume strong (1.8x)
✔ Relative strength rank strong
✔ ATR not expanding abnormally
✔ Not excessively extended"
SBICARD.NS,70.0,Unknown,611.65,588.23,2.55,642.88,658.49,2.0,2026-07-10,1.05,C,S5 Breakout + S6 Breakout Retest,Reject,Low,"Score: 70.0
Reasons:
✔ Breakout confirmed
✔ Breakout volume strong (1.0x)
✔ Relative strength rank strong
✔ ATR not expanding abnormally
✔ Not excessively extended"
MAZDOCK.NS,70.0,Unknown,2420.1,2327.01,2.56,2544.22,2606.28,2.0,2026-07-10,1.11,C,S5 Breakout + S6 Breakout Retest,Reject,Low,"Score: 70.0
Reasons:
✔ Breakout confirmed
✔ Breakout volume strong (1.1x)
✔ Relative strength rank strong
✔ ATR not expanding abnormally
✔ Not excessively extended"
PFIZER.NS,70.0,Unknown,4731.4,4599.04,1.86,4907.88,4996.12,2.0,2026-07-10,1.33,C,S5 Breakout + S6 Breakout Retest,Reject,Low,"Score: 70.0
Reasons:
✔ Breakout confirmed
✔ Breakout volume strong (1.3x)
✔ Relative strength rank strong
✔ ATR not expanding abnormally
✔ Not excessively extended"
JBCHEPHARM.NS,70.0,Unknown,2435.5,2367.06,1.87,2526.75,2572.37,2.0,2026-07-10,1.27,C,S1 Early Accumulation + S6 Breakout Retest,Reject,Low,"Score: 70.0
Reasons:
✔ EMA alignment
✔ Momentum stack positive
✔ Trend confirmed
✔ Breakout volume strong (1.3x)
✔ Relative strength rank strong
✔ ATR not expanding abnormally
✔ Not excessively extended"
MANKIND.NS,70.0,Unknown,2525.1,2428.99,2.54,2653.25,2717.33,2.0,2026-07-10,1.22,C,S1 Early Accumulation + S6 Breakout Retest,Reject,Low,"Score: 70.0
Reasons:
✔ EMA alignment
✔ Momentum stack positive
✔ Trend confirmed
✔ Breakout volume strong (1.2x)
✔ Relative strength rank strong
✔ ATR not expanding abnormally
✔ Not excessively extended"
CRISIL.NS,70.0,Unknown,4097.4,3933.17,2.67,4316.37,4425.85,2.0,2026-07-10,2.11,C,S5 Breakout + S6 Breakout Retest,Reject,Low,"Score: 70.0
Reasons:
✔ Breakout confirmed
✔ Breakout volume strong (2.1x)
✔ Relative strength rank strong
✔ ATR not expanding abnormally
✔ Not excessively extended"
HEG.NS,70.0,Unknown,545.05,520.22,3.04,578.15,594.7,2.0,2026-07-10,4.77,C,S5 Breakout + S6 Breakout Retest,Reject,Low,"Score: 70.0
Reasons:
✔ Breakout confirmed
✔ Breakout volume strong (4.8x)
✔ Relative strength rank strong
✔ ATR not expanding abnormally
✔ Not excessively extended"
GRAPHITE.NS,70.0,Unknown,612.6,583.04,3.22,652.01,671.72,2.0,2026-07-10,3.32,C,S5 Breakout + S6 Breakout Retest,Reject,Low,"Score: 70.0
Reasons:
✔ Breakout confirmed
✔ Breakout volume strong (3.3x)
✔ Relative strength rank strong
✔ ATR not expanding abnormally
✔ Not excessively extended"
FSL.NS,70.0,Unknown,259.71,246.6,3.36,277.19,285.92,2.0,2026-07-10,2.52,C,S5 Breakout + S6 Breakout Retest,Reject,Low,"Score: 70.0
Reasons:
✔ Breakout confirmed
✔ Breakout volume strong (2.5x)
✔ Relative strength rank strong
✔ ATR not expanding abnormally
✔ Not excessively extended"
ENDURANCE.NS,70.0,Unknown,2686.4,2573.34,2.81,2837.14,2912.51,2.0,2026-07-10,1.64,C,S1 Early Accumulation + S6 Breakout Retest,Reject,Low,"Score: 70.0
Reasons:
✔ EMA alignment
✔ Momentum stack positive
✔ Trend confirmed
✔ Breakout volume strong (1.6x)
✔ Relative strength rank strong
✔ ATR not expanding abnormally
✔ Not excessively extended"
CONCOR.NS,70.0,Unknown,463.75,448.02,2.26,484.72,495.2,2.0,2026-07-10,1.78,C,S5 Breakout + S6 Breakout Retest,Reject,Low,"Score: 70.0
Reasons:
✔ Breakout confirmed
✔ Breakout volume strong (1.8x)
✔ Relative strength rank strong
✔ ATR not expanding abnormally
✔ Not excessively extended"
CANBK.NS,70.0,Unknown,128.78,124.29,2.32,134.76,137.76,2.0,2026-07-10,1.37,C,S5 Breakout + S6 Breakout Retest,Reject,Low,"Score: 70.0
Reasons:
✔ Breakout confirmed
✔ Breakout volume strong (1.4x)
✔ Relative strength rank strong
✔ ATR not expanding abnormally
✔ Not excessively extended"
BLUESTARCO.NS,70.0,Unknown,1662.0,1599.36,2.51,1745.52,1787.28,2.0,2026-07-10,1.0,C,S5 Breakout + S6 Breakout Retest,Reject,Low,"Score: 70.0
Reasons:
✔ Breakout confirmed
✔ Breakout volume strong (1.0x)
✔ Relative strength rank strong
✔ ATR not expanding abnormally
✔ Not excessively extended"
LTM.NS,70.0,Unknown,4037.2,3859.91,2.93,4273.59,4391.78,2.0,2026-07-10,2.1,C,S5 Breakout + S6 Breakout Retest,Reject,Low,"Score: 70.0
Reasons:
✔ Breakout confirmed
✔ Breakout volume strong (2.1x)
✔ Relative strength rank strong
✔ ATR not expanding abnormally
✔ Not excessively extended"
BSOFT.NS,70.0,Unknown,290.15,274.57,3.58,310.92,321.31,2.0,2026-07-10,2.66,C,S5 Breakout + S6 Breakout Retest,Reject,Low,"Score: 70.0
Reasons:
✔ Breakout confirmed
✔ Breakout volume strong (2.7x)
✔ Relative strength rank strong
✔ ATR not expanding abnormally
✔ Not excessively extended"
BANKBARODA.NS,70.0,Unknown,250.95,240.7,2.72,264.61,271.45,2.0,2026-07-10,1.41,C,S5 Breakout + S6 Breakout Retest,Reject,Low,"Score: 70.0
Reasons:
✔ Breakout confirmed
✔ Breakout volume strong (1.4x)
✔ Relative strength rank strong
✔ ATR not expanding abnormally
✔ Not excessively extended"
BALKRISIND.NS,70.0,Unknown,2252.9,2156.46,2.85,2381.49,2445.78,2.0,2026-07-10,1.24,C,S5 Breakout + S6 Breakout Retest,Reject,Low,"Score: 70.0
Reasons:
✔ Breakout confirmed
✔ Breakout volume strong (1.2x)
✔ Relative strength rank strong
✔ ATR not expanding abnormally
✔ Not excessively extended"
BLS.NS,70.0,Unknown,237.15,226.82,2.9,250.92,257.81,2.0,2026-07-10,1.22,C,S5 Breakout + S6 Breakout Retest,Reject,Low,"Score: 70.0
Reasons:
✔ Breakout confirmed
✔ Breakout volume strong (1.2x)
✔ Relative strength rank strong
✔ ATR not expanding abnormally
✔ Not excessively extended"
ABDL.NS,70.0,Unknown,648.75,614.78,3.49,694.04,716.69,2.0,2026-07-10,2.52,C,S1 Early Accumulation + S6 Breakout Retest,Reject,Low,"Score: 70.0
Reasons:
✔ EMA alignment
✔ Momentum stack positive
✔ Trend confirmed
✔ Breakout volume strong (2.5x)
✔ Relative strength rank strong
✔ ATR not expanding abnormally
✔ Not excessively extended"
ABBOTINDIA.NS,70.0,Unknown,27165.0,26417.25,1.84,28162.0,28660.5,2.0,2026-07-10,1.34,C,S5 Breakout + S6 Breakout Retest,Reject,Low,"Score: 70.0
Reasons:
✔ Breakout confirmed
✔ Breakout volume strong (1.3x)
✔ Relative strength rank strong
✔ ATR not expanding abnormally
✔ Not excessively extended"
HDFCAMC.NS,70.0,Unknown,2761.2,2656.51,2.53,2900.78,2970.57,2.0,2026-07-10,1.06,C,S1 Early Accumulation + S6 Breakout Retest,Reject,Low,"Score: 70.0
Reasons:
✔ EMA alignment
✔ Momentum stack positive
✔ Trend confirmed
✔ Breakout volume strong (1.1x)
✔ Relative strength rank strong
✔ ATR not expanding abnormally
✔ Not excessively extended"
HDFCLIFE.NS,70.0,Unknown,567.7,549.84,2.1,591.52,603.42,2.0,2026-07-10,1.91,C,S5 Breakout + S6 Breakout Retest,Reject,Low,"Score: 70.0
Reasons:
✔ Breakout confirmed
✔ Breakout volume strong (1.9x)
✔ Relative strength rank strong
✔ ATR not expanding abnormally
✔ Not excessively extended"
HINDCOPPER.NS,70.0,Unknown,498.65,479.42,2.57,524.29,537.11,2.0,2026-07-10,2.02,C,S5 Breakout + S6 Breakout Retest,Reject,Low,"Score: 70.0
Reasons:
✔ Breakout confirmed
✔ Breakout volume strong (2.0x)
✔ Relative strength rank strong
✔ ATR not expanding abnormally
✔ Not excessively extended"
HINDZINC.NS,70.0,Unknown,536.95,516.03,2.6,564.85,578.8,2.0,2026-07-10,1.06,C,S5 Breakout + S6 Breakout Retest,Reject,Low,"Score: 70.0
Reasons:
✔ Breakout confirmed
✔ Breakout volume strong (1.1x)
✔ Relative strength rank strong
✔ ATR not expanding abnormally
✔ Not excessively extended"
ICICIPRULI.NS,70.0,Unknown,510.35,490.73,2.56,536.51,549.58,2.0,2026-07-10,1.7,C,S5 Breakout + S6 Breakout Retest,Reject,Low,"Score: 70.0
Reasons:
✔ Breakout confirmed
✔ Breakout volume strong (1.7x)
✔ Relative strength rank strong
✔ ATR not expanding abnormally
✔ Not excessively extended"
INDGN.NS,70.0,Unknown,509.3,485.79,3.08,540.64,556.32,2.0,2026-07-10,1.88,C,S5 Breakout + S6 Breakout Retest,Reject,Low,"Score: 70.0
Reasons:
✔ Breakout confirmed
✔ Breakout volume strong (1.9x)
✔ Relative strength rank strong
✔ ATR not expanding abnormally
✔ Not excessively extended"
IEX.NS,70.0,Unknown,119.64,115.96,2.05,124.55,127.01,2.0,2026-07-10,1.59,C,S5 Breakout + S6 Breakout Retest,Reject,Low,"Score: 70.0
Reasons:
✔ Breakout confirmed
✔ Breakout volume strong (1.6x)
✔ Relative strength rank strong
✔ ATR not expanding abnormally
✔ Not excessively extended"
IRCTC.NS,70.0,Unknown,503.25,492.57,1.41,517.49,524.6,2.0,2026-07-10,1.31,C,S5 Breakout + S6 Breakout Retest,Reject,Low,"Score: 70.0
Reasons:
✔ Breakout confirmed
✔ Breakout volume strong (1.3x)
✔ Relative strength rank strong
✔ ATR not expanding abnormally
✔ Not excessively extended"
IREDA.NS,70.0,Unknown,126.4,122.32,2.15,131.84,134.55,2.0,2026-07-10,1.36,C,S5 Breakout + S6 Breakout Retest,Reject,Low,"Score: 70.0
Reasons:
✔ Breakout confirmed
✔ Breakout volume strong (1.4x)
✔ Relative strength rank strong
✔ ATR not expanding abnormally
✔ Not excessively extended"
INTELLECT.NS,70.0,Unknown,758.75,720.39,3.37,809.9,835.47,2.0,2026-07-10,1.19,C,S5 Breakout + S6 Breakout Retest,Reject,Low,"Score: 70.0
Reasons:
✔ Breakout confirmed
✔ Breakout volume strong (1.2x)
✔ Relative strength rank strong
✔ ATR not expanding abnormally
✔ Not excessively extended"
AWL.NS,70.0,Unknown,190.0,181.44,3.0,201.41,207.11,2.0,2026-07-10,1.02,C,S5 Breakout + S6 Breakout Retest,Reject,Low,"Score: 70.0
Reasons:
✔ Breakout confirmed
✔ Breakout volume strong (1.0x)
✔ Relative strength rank strong
✔ ATR not expanding abnormally
✔ Not excessively extended"
JKTYRE.NS,70.0,Unknown,410.3,391.23,3.1,435.72,448.44,2.0,2026-07-10,1.17,C,S5 Breakout + S6 Breakout Retest,Reject,Low,"Score: 70.0
Reasons:
✔ Breakout confirmed
✔ Breakout volume strong (1.2x)
✔ Relative strength rank strong
✔ ATR not expanding abnormally
✔ Not excessively extended"
JSWSTEEL.NS,70.0,Unknown,1245.4,1210.15,1.89,1292.4,1315.9,2.0,2026-07-10,1.11,C,S5 Breakout + S6 Breakout Retest,Reject,Low,"Score: 70.0
Reasons:
✔ Breakout confirmed
✔ Breakout volume strong (1.1x)
✔ Relative strength rank strong
✔ ATR not expanding abnormally
✔ Not excessively extended"
JIOFIN.NS,70.0,Unknown,241.96,234.93,1.94,251.33,256.01,2.0,2026-07-10,2.1,C,S5 Breakout + S6 Breakout Retest,Reject,Low,"Score: 70.0
Reasons:
✔ Breakout confirmed
✔ Breakout volume strong (2.1x)
✔ Relative strength rank strong
✔ ATR not expanding abnormally
✔ Not excessively extended"
KPITTECH.NS,70.0,Unknown,561.75,523.21,4.57,613.14,638.84,2.0,2026-07-10,1.09,C,S5 Breakout + S6 Breakout Retest,Reject,Low,"Score: 70.0
Reasons:
✔ Breakout confirmed
✔ Breakout volume strong (1.1x)
✔ Relative strength rank strong
✔ ATR not expanding abnormally
✔ Not excessively extended"
KFINTECH.NS,70.0,Unknown,901.1,861.42,2.94,954.0,980.46,2.0,2026-07-10,1.58,C,S5 Breakout + S6 Breakout Retest,Reject,Low,"Score: 70.0
Reasons:
✔ Breakout confirmed
✔ Breakout volume strong (1.6x)
✔ Relative strength rank strong
✔ ATR not expanding abnormally
✔ Not excessively extended"
LTF.NS,70.0,Unknown,321.25,306.65,3.03,340.72,350.45,2.0,2026-07-10,1.34,C,S1 Early Accumulation + S6 Breakout Retest,Reject,Low,"Score: 70.0
Reasons:
✔ EMA alignment
✔ Momentum stack positive
✔ Trend confirmed
✔ Breakout volume strong (1.3x)
✔ Relative strength rank strong
✔ ATR not expanding abnormally
✔ Not excessively extended"
UNIONBANK.NS,70.0,Unknown,164.51,158.35,2.49,172.72,176.82,2.0,2026-07-10,1.74,C,S5 Breakout + S6 Breakout Retest,Reject,Low,"Score: 70.0
Reasons:
✔ Breakout confirmed
✔ Breakout volume strong (1.7x)
✔ Relative strength rank strong
✔ ATR not expanding abnormally
✔ Not excessively extended"
