Ticker,Date,RS_Rating,Close,Prev20High,RVOL,OBV_Up,MFI,VolSurge,Tight,BaseWeeks,StrictConfirm,HighQuality,R1,R3,R5,R10
ECLERX.NS,2024-08-19,80.9,1349.3499755859375,1292.8499755859375,5.06,True,74.94054910488582,True,False,4,True,True,-0.36869423618414165,-0.605841842792687,2.152892085354674,5.775006502244695
ECLERX.NS,2024-08-27,80.9,1404.625,1392.0,8.63,True,83.04696275315634,True,False,1,True,True,1.797632820147732,3.3656687310892552,3.2179372552727514,-1.9168852062383168
ECLERX.NS,2024-11-06,80.9,1642.425048828125,1590.0,20.22,True,78.88180280710594,True,False,1,True,True,0.3196492895518155,2.922507790187945,1.1431207991589032,-0.5266617444877775
ECLERX.NS,2024-11-27,80.9,1731.425048828125,1721.5,2.34,True,88.89949117250194,True,True,2,True,True,-0.20214562578777517,2.2871319560000547,4.289813318458191,9.6437888373482
ECLERX.NS,2024-12-02,80.9,1771.0250244140625,1763.0,0.85,True,86.39009585004725,False,True,1,True,True,0.4559478867073974,4.480454792680866,3.8607585470240124,8.226871397262126
ECLERX.NS,2024-12-04,80.9,1805.699951171875,1797.824951171875,0.61,True,83.95834427820917,False,True,1,True,True,2.4741125345399517,1.8663163401160032,5.133747341690209,3.5595628372448562
ECLERX.NS,2024-12-05,80.9,1850.375,1812.4000244140625,1.24,True,91.21925590676418,False,True,1,True,True,-2.294126929507534,0.6674309578294846,3.623592451698987,1.028171284959134
ECLERX.NS,2025-05-13,80.9,1352.199951171875,1347.0,1.66,True,51.01645104703911,False,True,2,False,True,1.63807315588691,22.089933739704783,24.360304415673895,25.994676282555318
ECLERX.NS,2025-05-14,80.9,1374.3499755859375,1365.050048828125,1.22,True,46.69273782145879,False,False,0,False,False,14.817915962579974,19.452830817125456,24.055006472786534,22.34874885366174
ECLERX.NS,2025-05-15,80.9,1578.0,1385.949951171875,47.33,True,90.00900735673923,True,False,0,True,True,4.619773410270112,6.565270949679181,7.065906210392892,11.204058861097899
ECLERX.NS,2025-05-16,80.9,1650.9000244140625,1604.5,0.77,True,92.19730711315361,True,False,0,True,True,-0.5572762194035796,3.273967288055246,1.6657580467212219,7.277849817508253
ECLERX.NS,2025-05-20,80.9,1681.5999755859375,1662.0,0.21,True,93.38744471854794,False,False,0,True,False,1.3885570840235895,-0.19029205627575374,1.3142231152945216,4.885229876709407
ECLERX.NS,2025-05-21,80.9,1704.949951171875,1697.5,0.24,True,95.22267663687424,False,False,0,True,False,-0.9061820941579923,-1.369540236057265,-1.3754040789148658,2.706825756518061
ECLERX.NS,2025-05-30,80.9,1771.050048828125,1768.800048828125,3.49,True,98.05940486786513,True,True,1,True,True,-2.1653875722837834,-1.1264545152401606,1.8124826911118275,0.9796434379377272
ECLERX.NS,2025-06-09,80.9,1823.9000244140625,1809.0,0.9,True,89.34884105547712,False,True,2,True,True,1.1212210591665883,0.8470832263319128,-1.0773630216039498,-4.553432080511389
ECLERX.NS,2025-06-10,80.9,1844.3499755859375,1834.3499755859375,0.68,True,88.24773677174217,False,True,2,True,True,-0.34157978915096976,-3.0335864620325115,-1.7079188015817204,-4.89332291564285
ECLERX.NS,2025-07-17,80.9,1834.550048828125,1819.9000244140625,2.94,True,60.30210131279004,True,True,4,True,True,1.2700622025927366,1.8233327127402221,-0.2752745192942996,2.673676130511926
ECLERX.NS,2025-07-18,80.9,1857.8499755859375,1855.0,0.95,True,68.03886097313988,True,True,5,True,True,-0.09419490394794172,-0.9123422986040186,-1.8542913380834247,2.247221279900846
ECLERX.NS,2025-08-04,80.9,2043.6500244140625,1971.5,2.74,True,88.39859817271363,True,False,2,True,True,-2.696155160017444,0.6654747840123321,0.5284626344429499,-1.1278863089453695
ECLERX.NS,2025-08-25,80.9,2119.39990234375,2100.0,24.1,True,77.3529189403879,True,True,3,True,True,5.0981435220713855,-0.412852713181866,6.976035881324205,2.345012626335352
ECLERX.NS,2025-08-26,80.9,2227.449951171875,2140.0,2.73,True,86.36929584953877,True,True,2,True,True,-4.709416805911237,0.9405352143087686,-1.0527711816616936,0.4511907808674831
ECLERX.NS,2025-10-21,80.9,2219.89990234375,2196.5,0.47,True,79.61243155501016,False,False,2,True,False,-2.1622596563620755,7.826929485268974,4.500209508496367,2.9303145046966295
ECLERX.NS,2025-10-27,80.9,2393.64990234375,2263.5,15.56,True,93.9537448051104,True,False,1,True,True,-1.4601112358851531,-1.3786477282115461,-1.1342470056780685,-9.307952866012059
ECLERX.NS,2025-12-03,80.9,2455.699951171875,2433.949951171875,3.07,True,73.87180148540776,True,True,3,True,True,-0.3013357694704788,-3.076517910588872,-10.12949484652207,-9.223439528591948
ECLERX.NS,2026-04-17,80.9,1631.0999755859375,1603.4000244140625,1.34,True,62.6323187520228,True,True,1,True,True,-0.692779530804255,-8.068173475305407,-9.99938556968878,-12.390410067496783
ESCORTS.NS,2025-07-23,88.3,3461.341064453125,3442.6355163850944,0.84,True,68.30970338801572,False,False,4,True,True,-0.9629732086121723,-1.9949423222588414,-1.414274986134867,-2.673333872679773
ESCORTS.NS,2025-08-18,88.3,3605.613525390625,3491.389606739693,21.34,True,86.57523387660719,True,False,7,True,True,-0.6622905783915889,-1.3245811567831778,-1.5177478314962078,0.7340306554591836
ESCORTS.NS,2025-11-03,88.3,3827.19580078125,3804.808626246204,2.1,True,81.03762029384501,False,True,4,True,True,-0.6291450590621639,-5.649292168749631,-6.044458240310114,-5.919663918423057
ESCORTS.NS,2026-01-01,88.3,3801.42578125,3791.8739942691204,5.06,True,65.20344629634926,True,False,11,True,True,0.6936066854027922,3.3502604902560185,1.6096961974588098,-3.418311642938243
ESCORTS.NS,2026-01-05,88.3,3942.215576171875,3863.412861451859,1.64,True,70.69124367687547,True,False,12,True,True,-0.3407253775627672,-2.019128257546221,-5.3178872153048395,-9.820549112963983
ESCORTS.NS,2026-04-16,88.3,3282.199951171875,3240.0,0.94,True,63.110462154091145,False,True,1,True,True,0.3899838223919039,2.3673131536100733,0.8165270009999448,-1.2369707549696685
ESCORTS.NS,2026-04-20,88.3,3316.0,3310.800048828125,1.02,True,69.83763105828169,False,True,1,True,True,1.3238812528272081,-0.21109770808203088,-1.6133896260554836,-3.344387887326594
ESCORTS.NS,2026-04-21,88.3,3359.89990234375,3329.0,1.28,True,78.35766772739079,False,True,1,True,True,-0.6339416442925017,-3.8274906173817347,-1.5268253870216464,-4.535846506541496
GVT&D.NS,2025-07-30,168.7,2592.25048828125,2565.1002039003115,0.1,True,62.44106108532199,False,False,1,True,False,4.998079650340026,6.961884402673313,7.79745783000676,12.318058877788719
GVT&D.NS,2025-07-31,168.7,2721.813232421875,2592.25048828125,0.17,True,67.73804091100592,False,False,2,True,False,4.998534786640807,3.403250665759394,2.2663939973523117,4.305404103332933
GVT&D.NS,2025-08-01,168.7,2857.864013671875,2721.813232421875,3.43,True,83.31785035947307,True,False,0,True,True,-2.9792895169758027,-2.2213753493884325,-2.0467355914083996,-1.1281490876625333
GVT&D.NS,2025-09-17,168.7,2992.699951171875,2958.0,0.9,True,73.26883492042616,False,True,6,True,True,-0.227221202896144,1.0057840126760365,1.0057840126760365,2.6831974517419033
GVT&D.NS,2025-09-19,168.7,3068.699951171875,3003.89990234375,1.86,True,75.13036757591041,True,True,2,True,True,-1.4957442263529797,-1.4957442263529797,-5.279108501244489,2.515721719303121
GVT&D.NS,2025-10-03,168.7,3170.10009765625,3147.0,1.79,True,86.8733987109126,True,True,2,True,True,-0.7633889961516371,-3.454149604959056,-4.974612487129115,-6.640168875286589
GVT&D.NS,2025-12-22,168.7,3097.800048828125,3083.0,4.7,True,65.79549372125086,True,True,1,True,True,1.0362145073814055,-0.7973384589886279,1.5172057350111956,-0.5423219240531796
GVT&D.NS,2026-01-30,168.7,3230.300048828125,3197.699951171875,1.03,True,59.339013942359244,True,False,0,True,True,1.860503749099962,8.671016601607606,9.96501555515028,9.989782567998384
GVT&D.NS,2026-02-02,168.7,3290.39990234375,3273.10009765625,0.35,True,66.26989888309546,False,False,0,True,False,5.0449794835502715,6.780333828035179,12.18696851146779,11.542671410778782
GVT&D.NS,2026-02-03,168.7,3456.39990234375,3320.0,1.26,True,74.99563433317317,True,False,0,True,True,1.5623192201626557,2.771671436605594,4.582807283872614,5.549127828005873
GVT&D.NS,2026-04-23,168.7,4496.39990234375,4344.0,4.27,True,83.12836277117214,True,True,1,True,True,2.2662553277486452,0.5426541872094459,-0.6716419288130604,6.044842515610638
GVT&D.NS,2026-05-07,168.7,4768.2001953125,4694.0,1.38,True,79.63901502820983,False,True,2,True,True,-2.9927475665301406,-10.188336753274918,-9.02647483316904,0.5536659800841282
GVT&D.NS,2026-05-27,168.7,5097.7001953125,4962.39990234375,1.19,True,75.45950047612818,True,True,0,True,True,0.0,-6.722643195604638,-2.6129468232553577,-4.545190702378998
IDFCFIRSTB.NS,2025-09-04,114.6,72.2300033569336,71.69999694824219,1.99,True,60.63986176809157,True,True,7,True,True,0.5122457427547467,1.7997997534891397,0.29073663950272,-0.38765941530933823
IDFCFIRSTB.NS,2025-09-05,114.6,72.5999984741211,72.36000061035156,1.02,True,66.78380521987202,False,True,7,True,True,-0.45454798621286097,0.12397240933446074,-0.7713465156522936,-1.170796820917408
IDFCFIRSTB.NS,2025-09-09,114.6,73.52999877929688,73.23999786376953,1.48,True,62.10302936148607,True,True,7,True,True,-1.1423858994094482,-2.026380917320314,-2.69277269197582,-4.107162645454466
IDFCFIRSTB.NS,2025-10-10,114.6,74.43000030517578,73.7300033569336,1.63,True,58.815802224986946,True,False,12,True,True,-0.9673535103466246,-1.961573395789884,-3.426041974072769,4.8367573013038845
IDFCFIRSTB.NS,2025-10-20,114.6,76.93000030517578,74.6500015258789,4.32,True,67.6171678062964,True,False,13,True,True,-0.20798604117334696,1.6508470532021535,2.9507300585746687,5.459504655636427
IDFCFIRSTB.NS,2025-10-23,114.6,78.95999908447266,77.3499984741211,2.54,True,76.68937839837736,True,False,2,True,True,-0.9625153812595766,0.30394866584633196,-0.037992375436557424,3.178827463694911
IDFCFIRSTB.NS,2025-10-31,114.6,81.7699966430664,80.12999725341797,3.58,True,75.20986416923513,True,False,3,True,True,0.26904883176581684,-1.7121119652180994,-0.6848447860872353,-0.9294295438868394
IDFCFIRSTB.NS,2025-12-15,114.6,83.87000274658203,82.81999969482422,2.17,True,77.96931987110372,True,True,7,True,True,-0.4888561448462392,-0.09538789607104192,1.7646305938619822,1.1446274627811226
IDFCFIRSTB.NS,2025-12-19,114.6,84.68000030517578,84.44999694824219,2.06,True,79.20005065086852,True,True,8,True,True,0.7912118168761584,-0.5196060933166491,-0.1653275733867421,0.2952290967159099
IDFCFIRSTB.NS,2025-12-22,114.6,85.3499984741211,85.0,0.79,True,78.77165722872034,False,True,8,True,True,-0.41007437654169143,-0.26947361646268986,-0.6092520824403702,-0.7264149130307151
IDFCFIRSTB.NS,2026-04-15,114.6,66.91000366210938,66.5199966430664,0.75,True,55.97991015524162,False,True,1,False,True,1.3600298653550391,0.8817759760858301,2.196971320958152,4.842322054159909
IDFCFIRSTB.NS,2026-04-16,114.6,67.81999969482422,67.23999786376953,1.46,True,64.71682411585454,False,True,1,True,True,1.0468874781296211,0.1769430066676847,0.01474806292460773,2.6835737290088924
IDFCFIRSTB.NS,2026-04-17,114.6,68.52999877929688,68.44000244140625,0.72,True,64.2337793849426,False,True,1,True,True,-1.5029896361358763,-0.21888447183837645,-1.8969727791035895,1.619729505506573
IDFCFIRSTB.NS,2026-04-27,114.6,70.2699966430664,68.80000305175781,3.09,True,77.52817699411034,True,True,2,True,True,-2.220005170226058,-0.896538043993389,-0.9676965101191315,-1.4942300733223224
IDFCFIRSTB.NS,2026-05-08,114.6,71.2699966430664,71.1500015258789,1.15,True,67.45409491987428,False,True,3,True,True,-2.876379288510489,-4.167242502034741,-5.079269380798657,-3.353443948675916
SONATSOFTW.NS,2025-11-12,106.6,389.7593994140625,389.26327255871314,7.19,True,75.51102578737259,True,True,4,True,True,-0.8655821384198514,-5.562615470719646,-5.791748214559201,-7.933134016660038
SONATSOFTW.NS,2026-01-07,106.6,371.1855773925781,369.24404950185516,10.96,True,70.85061334733294,True,True,7,True,True,-2.8433424656678308,-6.571893517467597,-7.121782118224196,-16.95278692961586
SONATSOFTW.NS,2026-04-15,106.6,253.7899932861328,250.4600067138672,1.1,True,68.21620296946482,False,True,1,True,True,10.039795264430262,7.514083521775983,5.634581122209736,3.632931448600174
SONATSOFTW.NS,2026-04-16,106.6,279.2699890136719,254.5,41.29,True,92.73241738115637,True,True,1,True,True,0.383144400154789,-2.266618978509627,-5.317426207658316,-8.679769108018377
SONATSOFTW.NS,2026-05-08,106.6,297.1499938964844,291.3999938964844,65.43,True,92.53963675197599,True,True,3,True,True,0.6057608438565065,-10.045433860555363,-10.567051839625119,-9.843513579269858
VBL.NS,2025-07-29,123.4,510.5333557128906,491.34407184624655,3.93,True,69.11817665098877,False,False,4,True,True,1.9427697402804034,0.046900151633466614,-0.6957792314340794,0.5062000434331582
VBL.NS,2025-07-30,123.4,520.4518432617188,513.1749541349488,2.51,True,77.17158542055788,False,False,2,True,False,0.09577718429620852,-2.4924056679171525,-4.294545977798037,-2.013109289542503
VBL.NS,2025-10-29,123.4,494.3590393066406,470.4617824271973,7.89,True,76.5979941820044,True,True,7,True,True,-2.0587367601906714,-4.178019880911088,-4.763346635877408,-8.56797054315851
VBL.NS,2026-01-06,123.4,497.7515563964844,495.85573458464006,1.92,True,72.99891978659888,True,True,5,True,True,2.1750029107332924,-1.974547039932928,0.4710820257820769,-1.9544983873096777
VBL.NS,2026-01-07,123.4,508.5776672363281,500.89461412011036,1.19,True,78.52121452947415,False,True,5,True,True,-1.7265090887990664,-3.1194882854698514,-1.4322169485846192,-6.219348694122129
VBL.NS,2026-04-15,123.4,445.1241149902344,433.5851693905867,1.45,True,60.82794181885216,False,True,1,True,True,3.3329615111985067,4.713280913039752,11.087427541818506,17.405451195876665
VBL.NS,2026-04-16,123.4,459.9599304199219,451.26826098839325,1.13,True,70.74170166867802,False,False,1,True,False,2.9322317385647167,5.364906916263812,5.180279388881348,11.683644211800615
VBL.NS,2026-04-17,123.4,473.447021484375,465.55458387750497,1.89,True,72.82029077557421,True,False,0,True,True,-1.5509563287454564,4.441871270121944,3.4923041976775426,8.502110879576996
VBL.NS,2026-04-21,123.4,484.6363525390625,476.49414913756203,1.04,True,81.24786895751576,False,False,0,True,False,2.0305072288364645,1.1028638529462897,6.8954729819419525,5.584323075679176
VBL.NS,2026-04-22,123.4,494.4769287109375,486.58447045620153,1.46,True,91.49347851847398,True,False,1,True,True,-2.161837731484628,4.828766489210046,5.687433577197343,2.926948186202316
VBL.NS,2026-04-27,123.4,518.3540649414062,498.2233443830931,3.63,True,86.77081462369148,True,False,1,True,True,-0.057826044516040565,-0.897852076244654,-2.2386368172337856,-3.2900440648353513
VBL.NS,2026-05-22,123.4,539.4500122070312,534.188924425381,3.55,True,69.69351743573894,True,True,4,True,True,-1.6220223935488387,-0.9176035026451257,-2.122534423567113,-2.9937944292536933
ZYDUSWELL.NS,2024-07-22,120.2,451.739990234375,443.510009765625,1.26,True,77.483793963525,False,False,2,True,False,0.8168421041253815,5.430114514893858,5.669193877622702,-1.5584137290327593
ZYDUSWELL.NS,2024-07-24,120.2,473.8299865722656,459.8299865722656,2.54,True,76.17332924559504,False,False,1,True,False,0.5149531499805349,0.7428866114435273,1.209296825593409,-2.616971117887068
ZYDUSWELL.NS,2024-12-04,120.2,419.6499938964844,416.6000061035156,1.39,True,83.73455765067024,True,False,2,True,True,-1.925410863763466,-3.3790046186153555,-2.123198806552873,-5.287740441831124
ZYDUSWELL.NS,2025-03-24,120.2,336.0299987792969,335.3900146484375,1.08,True,63.42602014434723,False,True,2,True,True,-0.6874378975047835,0.6219671890852041,-0.11010776375073306,3.41636491623718
ZYDUSWELL.NS,2025-04-24,120.2,361.1600036621094,359.5799865722656,1.6,True,67.39925504968767,False,True,3,True,True,-2.2261624940185465,-0.18828017191444557,-3.737955438894669,-4.540921954311338
ZYDUSWELL.NS,2025-05-20,120.2,384.17999267578125,378.7799987792969,4.53,True,89.27808697978519,True,False,1,True,True,2.545681442487413,1.6658842257528672,1.947006905338955,1.4992997749588621
ZYDUSWELL.NS,2025-06-18,120.2,410.8599853515625,403.6000061035156,39.13,True,80.23842302404756,True,True,4,True,True,0.5549407044163734,-0.6376856375890805,-0.9686950812073936,-2.716247272165462
ZYDUSWELL.NS,2025-07-24,120.2,427.6199951171875,423.79998779296875,1.6,True,61.93413825502631,False,True,5,True,True,-1.6603540958298524,-5.874373369819496,-5.097981395139051,-9.653430440731437
ZYDUSWELL.NS,2025-09-01,120.2,443.55999755859375,422.239990234375,36.59,True,90.48245186432243,True,False,4,True,True,1.6097066209164401,9.28848688650936,8.219855635259755,14.784925929029647
ZYDUSWELL.NS,2025-09-02,120.2,450.70001220703125,449.94000244140625,0.77,True,92.70276496356797,True,False,0,True,True,3.3237142363042205,7.694695304301624,9.740402198240616,16.321277028233936
ZYDUSWELL.NS,2025-09-03,120.2,465.67999267578125,457.20001220703125,0.8,True,93.55588396648521,True,False,0,True,True,4.097237886517435,3.0793670682507823,6.807252341867653,10.72840206975345
ZYDUSWELL.NS,2025-09-04,120.2,484.760009765625,470.0,0.99,True,94.48715579504785,True,False,0,True,True,0.12789733160687433,2.029869655017147,5.285088415105532,7.455238452097301
ZYDUSWELL.NS,2025-09-11,120.2,510.3800048828125,503.3999938964844,0.82,True,91.57337332181253,False,False,1,True,False,-0.5838808256237171,2.719543232497812,2.061213102120929,-7.088834266555654
ZYDUSWELL.NS,2025-12-31,120.2,454.6000061035156,435.25,105.06,True,93.72397405406755,True,True,5,True,True,2.122743899454993,6.1812595086320865,4.223489096276234,-2.3757189101505705
ZYDUSWELL.NS,2026-03-25,120.2,457.95001220703125,450.6499938964844,0.8,True,98.93036730800152,False,False,1,True,False,-2.5876199994855464,-4.847693332300862,11.223931111775443,13.069106668978625
ZYDUSWELL.NS,2026-04-06,120.2,509.3500061035156,470.0,55.74,True,97.92575697754597,True,False,1,True,True,-2.5031903106346065,-3.8971249368124017,1.6589735129473704,-0.5202697290133784
