Ticker,Date,Close,Prev20High,R1,R3,R5,R10,RSI,RVOL,OBV_Up,MFI,Squeeze,Tight,NR7,BaseWeeks,VolSurge
360ONE.NS,2026-05-25,1142.4000244140625,1134.9000244140625,-1.496846570421606,-2.6523151418581192,-5.567224634694656,-7.659313561804126,69.55812926671875,1.33,True,72.63462071748397,False,False,False,3,False
AADHARHFC.NS,2026-06-15,488.95001220703125,486.3999938964844,-0.8078560401709844,-0.5112997111331397,,,55.67282321899736,1.77,True,42.09703441874292,False,True,False,5,True
AADHARHFC.NS,2026-06-19,515.0999755859375,496.0,,,,,70.10395015671196,7.8,True,73.14578283986137,False,False,False,5,True
AAVAS.NS,2026-06-17,1452.4000244140625,1444.800048828125,1.0465402724023631,,,,62.05203090144018,0.48,True,72.75600730194445,False,False,False,0,False
AAVAS.NS,2026-06-18,1467.5999755859375,1460.9000244140625,0.2929986985321431,,,,68.5654745781964,0.22,True,75.99929540090149,False,False,True,0,False
ABDL.NS,2026-06-11,608.4500122070312,589.6500244140625,5.916673395965133,3.5006964196955703,4.001968131714362,,73.14725030625257,5.09,True,81.79806531628029,False,True,False,2,True
ABDL.NS,2026-06-12,644.4500122070312,612.0,-2.5758454971928746,-2.2034311332233214,-2.0482600600511325,,78.30852258044575,4.65,True,90.04356451975875,False,True,False,1,True
ABSLAMC.NS,2026-06-10,1110.300048828125,1089.5,-3.7557481228790546,3.224347039847286,-1.116817424906913,,69.08855652254232,1.43,True,80.67846390938642,False,True,False,4,True
ABSLAMC.NS,2026-06-15,1146.0999755859375,1119.699951171875,-2.2249367893898864,1.8323008853799116,,,71.97410096825311,1.66,True,84.00715968415126,False,False,False,2,True
ABSLAMC.NS,2026-06-19,1180.5999755859375,1170.0999755859375,,,,,73.02310605143224,0.74,True,84.96114832627985,False,False,True,1,False
ACE.NS,2026-06-12,931.0499877929688,926.25,-0.22554917710867484,3.334943150213876,4.790294528311745,,61.74651759957285,1.87,True,52.75648352489516,False,False,False,4,True
ACE.NS,2026-06-17,962.0999755859375,953.0,1.491532791314576,,,,63.390073171973754,2.01,True,59.1573639870082,False,False,False,1,True
ACE.NS,2026-06-18,976.4500122070312,966.5,-0.08192818710305305,,,,72.69345512916385,1.43,True,70.02447415707677,False,False,False,0,True
ACMESOLAR.NS,2026-05-29,310.1000061035156,309.6499938964844,-0.935180212642861,6.110925932432054,15.011282449775166,8.2715231833701,68.88677372690059,2.14,True,83.82046351131861,False,False,False,1,True
ACMESOLAR.NS,2026-06-02,334.75,324.3999938964844,-1.70276690277259,6.542193845103617,4.167292668269229,1.463777116201448,84.6613683062944,4.98,True,93.34207554504593,False,False,False,1,True
ACMESOLAR.NS,2026-06-04,345.8500061035156,337.8999938964844,3.1227374880358427,0.8240584222116709,-3.2962248649121784,-4.033544010652957,88.69805123772831,0.92,True,97.14650369240991,False,False,False,0,True
ACMESOLAR.NS,2026-06-05,356.6499938964844,347.6000061035156,-1.2337008192299215,-5.537642040653534,-5.86008530888984,-5.327351836578087,90.26327279342652,1.12,True,98.53813318312785,False,False,False,0,True
ACUTAAS.NS,2026-05-21,3000.39990234375,2909.800048828125,-1.6397797884689536,1.1465187176383784,0.006672287662179421,5.475938347411047,75.53097613944095,1.87,True,82.13019639841542,False,False,False,2,True
ACUTAAS.NS,2026-05-26,3034.800048828125,3025.0,-1.1269260123111247,3.2193208646349447,0.09226468904290908,5.400682078117125,70.47642102669734,1.06,True,68.81847923169266,False,False,False,2,False
ACUTAAS.NS,2026-05-29,3132.5,3075.300048828125,-3.6264995261372723,0.10215326965283822,6.2506001222067065,0.408620872406229,68.02417261062064,2.14,True,67.15002276930703,False,False,False,1,False
ACUTAAS.NS,2026-06-05,3328.300048828125,3188.10009765625,-0.3635518877124766,-3.644504613423727,-5.498302356016049,-2.4667276523087756,76.73268266958445,2.7,True,78.04963386038366,False,True,False,2,True
ADANIENSOL.NS,2026-05-27,1540.0999755859375,1489.0,0.0,-2.8309834606256468,-3.051749934748138,-0.29218882353971853,69.25013054830288,2.11,True,58.432232385176896,False,False,False,0,True
ADANIENT.NS,2026-05-25,2848.42626953125,2801.847302651897,4.196936116554206,4.3302934031727025,2.094958204888697,4.221500804737821,75.336549773037,1.62,True,82.02673010146964,False,False,False,1,False
ADANIENT.NS,2026-05-26,2967.972900390625,2857.5222998725158,0.12798580417883176,-1.0743272683959915,-0.04040531333160402,0.3569848916866958,76.59969383965897,2.15,True,83.0348761488816,False,False,False,1,True
ADANIENT.NS,2026-06-05,3046.837646484375,3026.1470765945096,-2.5654481180738875,-3.841609596656115,-4.110410968980627,-0.2769344848538635,78.64445464753275,2.6,True,77.45064056907242,False,True,False,2,True
ADANIGREEN.NS,2026-05-27,1489.9000244140625,1471.0,0.0,-2.8860996909447545,-4.188202120380713,-0.46311996113806986,64.39935477533521,2.0,True,77.60544552121479,False,False,False,1,False
ADANIGREEN.NS,2026-06-09,1534.5,1532.5,-3.3561420658194896,-3.1801921686624324,-3.3887259693711314,,71.967182833134,0.95,True,78.77478676587529,False,True,False,2,False
ADANIPOWER.NS,2026-05-26,244.52999877929688,234.60000610351562,1.7911932706325073,-0.4743809217274575,-3.516953398947853,-7.520549413753741,61.13922269092013,2.49,True,53.93698406072283,False,False,False,1,True
ADANIPOWER.NS,2026-05-27,248.91000366210938,245.6999969482422,0.0,-6.673094839892146,-6.584708990602706,-11.381624448293415,62.91390616940874,1.79,True,57.94119304091084,False,False,False,0,True
AEGISLOG.NS,2026-06-10,801.0,792.2999877929688,15.593011787024036,22.883893607112206,25.711612010865316,,70.26877105111663,9.1,True,85.81069472536961,False,True,False,1,True
AEGISLOG.NS,2026-06-11,925.9000244140625,832.9000244140625,1.9980558928818892,6.458579351567906,8.74824472018556,,83.35815906973528,28.09,True,96.02778007301025,False,False,False,1,True
AEGISLOG.NS,2026-06-15,984.2999877929688,976.4000244140625,0.14223554113839132,2.296051701856494,,,89.82247982183516,0.62,True,97.83405714723837,False,False,False,0,True
AEGISLOG.NS,2026-06-17,1006.9500122070312,1005.0,-0.004964277507601977,,,,90.7384122783922,0.16,True,98.20684873421756,False,False,False,0,False
AEGISVOPAK.NS,2026-06-12,217.85000610351562,213.6999969482422,6.35299332115431,9.286203883752187,9.410144331260216,,57.89140343630658,4.6,True,69.46853146007625,False,False,False,0,True
AEGISVOPAK.NS,2026-06-15,231.69000244140625,219.0500030517578,2.205533495837342,4.924685373506743,,,65.25600620396429,1.38,True,76.42284059518126,False,False,False,0,True
AEGISVOPAK.NS,2026-06-16,236.8000030517578,234.0,0.5405400180747089,0.6545620911242223,,,69.62073713641742,1.47,True,83.10535883001165,False,False,False,0,True
AEGISVOPAK.NS,2026-06-18,243.10000610351562,241.52000427246094,-1.9539283754593462,,,,80.96305481688451,0.57,True,82.09703121762294,False,False,False,0,False
AIAENG.NS,2026-05-26,4143.39990234375,4100.0,6.871173481262494,8.69334854955104,9.868704734786826,8.34339439736318,63.31721652648061,7.73,True,80.31452841284317,False,False,False,5,True
AIAENG.NS,2026-05-27,4428.10009765625,4194.0,0.0,2.1363586091091458,2.1047335194744,0.24615302507544623,69.93396687057783,15.9,True,93.9051477951614,False,False,False,2,True
AIAENG.NS,2026-05-29,4503.60009765625,4495.0,0.42410731952400305,0.39301240446418806,2.8221888022960773,-3.772535275327149,78.87214868719026,0.73,True,95.03116152906459,False,False,False,0,True
AIIL.NS,2026-05-21,527.2000122070312,522.4500122070312,-3.1202602098141297,-6.1361922144288155,-5.728378510577825,-14.396817651107451,67.34503486304732,1.61,True,81.47390362990073,False,False,False,2,True
AIIL.NS,2026-06-15,558.7000122070312,547.0,-1.2618556719050766,-1.2797609196065318,,,66.74534164871068,2.16,True,89.89796865840546,False,False,False,0,True
AMBER.NS,2026-06-18,7965.5,7934.5,-0.960391689159501,,,,60.650258280158006,1.06,True,60.08364994940856,False,True,False,4,False
ANANDRATHI.NS,2026-06-19,1867.5,1856.5,,,,,73.3066230116483,2.37,True,71.7776785206392,False,False,False,10,False
ANANTRAJ.NS,2026-06-04,589.3499755859375,564.8499755859375,-3.2747923292574144,-8.246369322000724,-12.912527146586905,-10.282510918183785,82.95860388803261,2.78,True,86.90492266660975,False,False,False,1,True
ANGELONE.NS,2026-05-21,339.6499938964844,334.95001220703125,-0.08832262574990368,1.413224907052335,-0.7949305867722134,-0.5741150373897663,65.3991710491781,2.74,True,79.25391822634026,False,False,False,0,True
ANGELONE.NS,2026-05-25,346.45001220703125,345.6499938964844,-0.5772838590072937,-2.742098330284659,-3.1317666968451063,-5.989320037200708,66.00100861896905,0.63,True,84.40316459290241,False,False,False,0,False
ANGELONE.NS,2026-06-15,352.29998779296875,351.0,-1.1495849938401803,0.14192450108565513,,,54.191128548710864,3.28,True,50.56953173796702,False,True,False,3,True
APARINDS.NS,2026-05-27,13426.0,13149.0,0.0,-4.655146730224935,0.8342022940563076,4.9083867123491665,59.25925925925926,3.19,True,53.15267173471953,False,False,False,4,True
APARINDS.NS,2026-06-11,14551.0,14246.0,4.60449453645797,11.112638306645595,8.666071060408221,,68.3240107727367,3.35,True,69.2622581627891,False,True,False,1,True
APARINDS.NS,2026-06-12,15221.0,14970.0,5.025950988765526,5.794625845870827,6.9574929373891425,,76.38113570741098,1.51,True,75.36955706026698,False,True,False,0,True
APARINDS.NS,2026-06-15,15986.0,15340.0,1.1384961841611307,-1.088452395846362,,,79.21747967479675,1.1,True,79.75394201605206,False,False,False,0,True
APOLLOHOSP.NS,2026-05-21,8308.5,8180.0,0.6499368116988702,-0.6017933441656131,-0.4332912077992468,-0.7161340795570847,81.19777158774373,3.67,True,72.41395275579993,False,False,False,6,True
APOLLOHOSP.NS,2026-06-09,8524.0,8490.0,-0.41647114030971544,-0.30502111684654887,-1.5661661191928689,,68.78954027836356,1.74,True,67.63483720028168,False,True,False,5,True
APOLLOTYRE.NS,2026-06-15,414.3500061035156,406.0,0.5068193731342596,3.294314877619242,,,60.8539078338149,4.77,True,64.34477901673716,False,True,False,4,True
APOLLOTYRE.NS,2026-06-16,416.45001220703125,415.8999938964844,3.1576404156633986,2.17312703270367,,,58.99784667029721,1.34,True,60.48140968893257,False,True,False,3,False
APOLLOTYRE.NS,2026-06-17,429.6000061035156,420.3999938964844,-0.37244089403716263,,,,64.08683061181166,5.77,True,75.14432941926874,False,True,False,3,True
ASAHIINDIA.NS,2026-05-26,891.5999755859375,887.2000122070312,3.0226573513890465,1.2337371356219595,0.8467977831833506,-1.0879263613147172,64.22901898042169,3.57,True,61.044038495159505,False,False,False,7,True
ASAHIINDIA.NS,2026-05-27,918.5499877929688,896.9000244140625,0.0,-2.1501279475768076,-1.638450600726682,-4.9371265786962155,68.33918776968943,10.15,True,78.48537452424489,False,False,False,1,True
ASTERDM.NS,2026-06-09,790.3499755859375,785.0,2.8531725848928158,3.112549804642706,-1.3032185881112657,,59.465490851058625,3.41,True,74.46367400825295,False,True,False,5,True
ASTERDM.NS,2026-06-10,812.9000244140625,807.0,0.10456090053019285,-3.223030067678523,-5.7756194854186145,,67.68877644657238,2.1,True,78.75257800972447,False,False,False,1,True
ATGL.NS,2026-05-26,712.8510131835938,684.6609127660406,13.38522149047494,8.442018738883682,3.5128407391814775,5.476100512776783,64.16514327240964,5.36,True,87.55233630010478,False,False,False,1,True
ATGL.NS,2026-05-27,808.2677001953125,731.1446729719274,0.0,-9.24494161217484,-11.248527297163458,-9.91279847293497,76.68073338352959,5.48,True,94.59895133296519,False,False,False,0,True
ATHERENERG.NS,2026-06-03,1022.0499877929688,1003.9000244140625,-3.3168596236775483,-1.937281740565855,1.951960515171236,-3.116283544478571,66.47189848311035,4.44,True,65.8024241248616,False,True,False,1,True
AUBANK.NS,2026-06-15,1033.5999755859375,1025.0,-1.0158668970602136,-0.798181133404452,,,55.5754461889855,0.92,True,38.124023845211596,False,True,False,6,False
AUROPHARMA.NS,2026-05-21,1546.699951171875,1539.0,-5.379191426807606,-5.5278982801557515,-7.163634205449066,-5.37272762716362,85.92315829173204,0.93,True,85.37946755456962,False,False,False,2,False
AXISBANK.NS,2026-06-12,1356.300048828125,1339.5,0.8847599769953751,-0.3981437896967033,0.11796619688393406,,62.05241394068853,1.04,True,58.31802433192947,False,False,False,6,False
AXISBANK.NS,2026-06-15,1368.300048828125,1358.5,-0.19002393944784757,-0.5992891141976098,,,68.4294919865253,0.9,True,64.78701867579628,False,False,False,7,False
BAJAJ-AUTO.NS,2026-05-27,10658.5,10635.32566943968,0.0,-2.6504667636158885,-3.748182201998407,-4.8271332739128425,55.19265368831746,0.71,True,40.150458832465,False,False,False,3,False
BAJAJHFL.NS,2026-06-19,88.36000061035156,88.0999984741211,,,,,65.62726489115798,4.45,True,68.10839438722049,False,True,False,7,True
BANDHANBNK.NS,2026-06-16,216.74000549316406,214.94000244140625,-1.374924292147861,-3.990961029825324,,,60.65222171700588,1.57,True,59.66538172728727,False,True,False,3,True
BANKBARODA.NS,2026-06-09,273.75,269.3999938964844,-1.625575235445209,0.36529680365295913,0.5844771154394968,,70.82784776386781,2.02,True,73.61488733394714,False,True,False,7,True
BANKBARODA.NS,2026-06-18,283.0,282.5,-0.6890502498343665,,,,71.39249075962019,0.78,True,71.22745515656831,False,False,False,4,False
BANKINDIA.NS,2026-06-09,147.72000122070312,144.24000549316406,-1.9360957126439038,-1.3809968373030057,-1.3877626826545808,,72.0519139353866,2.64,True,69.9397987971619,False,False,False,6,True
BATAINDIA.NS,2026-06-18,789.9000244140625,708.7999877929688,-5.342449791457426,,,,81.42374760592827,91.36,True,95.49409387562224,False,False,False,5,True
BDL.NS,2026-06-19,1373.4000244140625,1348.0,,,,,75.32894916961895,2.86,True,78.10154235325703,False,False,False,0,True
BEL.NS,2026-06-18,428.6000061035156,426.1000061035156,-0.3966430664540499,,,,65.89493147267575,1.94,True,62.637100299646285,False,True,False,7,True
BELRISE.NS,2026-06-09,234.72999572753906,223.5,-3.237758694269388,-2.7691390611810918,1.1502564637611012,,74.72528075568981,12.75,True,71.48320136690151,False,True,False,4,True
BELRISE.NS,2026-06-15,238.25999450683594,236.5,-0.348359712159263,0.4113199903142073,,,66.51448708755672,0.67,True,72.04394412392554,False,False,False,0,False
BERGEPAINT.NS,2026-06-19,550.7000122070312,538.1500244140625,,,,,65.78945087287315,21.73,True,78.37164029103609,False,True,False,5,True
BHARATFORG.NS,2026-06-15,2020.5,1988.5,-0.4058377219438247,-0.029694411578196078,,,65.01167214512428,1.66,True,81.36346077442597,False,True,False,5,False
BHARTIARTL.NS,2026-06-19,1910.800048828125,1896.5999755859375,,,,,71.78261305695213,2.74,True,60.68695102813868,False,False,False,5,True
BHEL.NS,2026-05-25,419.3999938964844,417.8999938964844,-0.3934177206715961,0.7033887100530878,-3.4811650729587695,-7.892228561091807,70.1770241273122,1.12,True,73.26798281219214,False,False,False,2,False
BHEL.NS,2026-05-27,422.3500061035156,420.95001220703125,0.0,-4.1553256912337915,-3.800170019794702,-10.66651300095054,59.363954675821695,1.12,True,68.37667523675081,False,False,False,2,False
BLUEDART.NS,2026-06-19,4968.7998046875,4960.0,,,,,67.66754914427466,1.65,True,60.20974565456165,False,True,False,5,True
BOSCHLTD.NS,2026-06-12,39060.0,38350.0,0.025601638504868518,0.4352278545826982,2.9057859703020883,,69.67095851216023,2.07,True,60.084335493715635,False,True,False,8,True
BOSCHLTD.NS,2026-06-18,40035.0,39900.0,0.3996503059822576,,,,75.25925925925925,1.29,True,58.2573054392783,False,False,False,3,False
BPCL.NS,2026-06-17,317.95001220703125,316.75,-0.518957179026025,,,,58.13254465609122,1.33,True,44.740823842697935,False,False,False,0,False
BRIGADE.NS,2026-06-16,540.1875,522.75,4.750660758706471,0.9742010333506856,,,74.5735304617321,4.75,True,65.68433890786599,False,True,False,4,True
BRIGADE.NS,2026-06-17,565.8499755859375,543.5250244140625,-1.988159491983832,,,,80.10383289897192,12.9,True,86.01108130999434,False,True,False,0,True
BSE.NS,2026-05-26,4403.2998046875,4303.0,-3.5178141215561176,-5.841067345844808,-10.705605415327945,-9.243062564718086,79.5327530681066,0.92,True,62.49621919086493,False,False,False,1,False
CAMS.NS,2026-06-18,832.7999877929688,813.5,-1.1587372142595642,,,,59.31859289672798,1.97,True,67.21948376770706,False,False,False,0,True
CANBK.NS,2026-06-09,133.11871337890625,132.1409658566819,-2.9452315135553686,-1.0882881701518188,-0.21688276615908775,,65.81058618447518,1.61,True,61.08344898926465,False,True,False,4,True
CANFINHOME.NS,2026-06-12,862.2999877929688,854.9000244140625,0.24353898304796395,2.0236591040310836,2.6730822357964534,,61.40266889375385,1.2,True,69.96648955298748,False,True,False,4,True
CAPLIPOINT.NS,2026-05-25,2073.7919921875,2064.011590740999,-2.026075986443543,-2.627647496212737,-3.611353889665625,1.7942015376986697,80.13256250254726,1.07,True,89.15230446086039,False,False,False,1,False
CAPLIPOINT.NS,2026-06-08,2111.0,2094.8503991719513,6.830883523063713,10.421601136901938,12.013268482058258,,61.56625040291591,6.55,True,70.2397277563373,False,True,False,3,True
CAPLIPOINT.NS,2026-06-09,2255.199951171875,2148.0,2.403332402686109,6.7665883717740405,5.436329385895156,,76.67132825837207,3.3,True,76.31153434084092,False,True,False,3,True
CAPLIPOINT.NS,2026-06-10,2309.39990234375,2286.0,0.9353121403672171,2.3902397872485714,1.1041829513424917,,78.76840348156117,2.93,True,85.59058144492006,False,True,False,0,True
CAPLIPOINT.NS,2026-06-19,2503.5,2447.300048828125,,,,,84.61854125005799,3.37,True,88.17964881234228,False,True,False,1,True
CARBORUNIV.NS,2026-06-17,1130.300048828125,1087.949951171875,5.476413312370165,,,,68.38350053641247,2.94,True,56.99222259826727,False,True,False,4,True
CARBORUNIV.NS,2026-06-18,1192.199951171875,1135.0,4.151988091539827,,,,75.88449197198133,7.66,True,72.91123500590496,False,False,False,0,True
CARTRADE.NS,2026-06-08,2069.800048828125,1983.300048828125,5.6913733717815385,15.247842596888074,12.329691040270463,,69.38250276329865,1.48,True,78.7647113213288,False,False,False,0,True
CARTRADE.NS,2026-06-09,2187.60009765625,2080.0,12.05886784198491,7.208810757543471,8.968730225514232,,73.68971722013183,1.53,True,83.82856647629148,False,False,False,0,True
CARTRADE.NS,2026-06-10,2451.39990234375,2214.0,-2.6923391788054807,-5.156233473897942,6.669658420222668,,85.14791377037933,4.89,True,92.10935971464949,False,False,False,0,True
CARTRADE.NS,2026-06-17,2614.89990234375,2494.89990234375,-1.14344347624743,,,,85.93612761081428,3.4,True,94.60942167550962,False,False,False,0,True
CCL.NS,2026-06-08,1173.0,1144.0,-2.0375127377717406,-3.4015366081894705,-3.375956997948637,,67.69687469798946,42.02,True,87.03885313991847,False,False,False,4,True
CDSL.NS,2026-06-17,1290.9000244140625,1277.199951171875,4.609187301472617,,,,60.62245377214761,1.42,True,65.5525106675611,False,True,False,6,False
CDSL.NS,2026-06-18,1350.4000244140625,1294.0,1.4736392220295658,,,,68.86590469987871,5.66,True,75.89677962359147,False,False,False,4,True
CEATLTD.NS,2026-06-15,3455.300048828125,3369.699951171875,-0.8855988546241589,0.9087460394184621,,,60.856353879931994,2.95,True,53.356575026080584,False,True,False,5,True
CEATLTD.NS,2026-06-17,3487.0,3473.0,-0.008604784288068767,,,,61.773736989635495,1.27,True,59.078552368002505,False,True,False,0,True
CEMPRO.NS,2026-05-27,990.4154663085938,980.2913352304167,0.0,8.142402705323804,3.2176807902548843,24.588334961179136,53.06205747536256,1.81,True,65.93643387151728,False,False,False,0,False
CEMPRO.NS,2026-05-29,1068.4158935546875,997.3477383225469,0.24739321948576976,-4.317796030671595,3.8883454862933986,5.052726301156607,71.5272398750019,2.3,True,81.46268825333269,False,False,False,0,True
CEMPRO.NS,2026-06-04,1124.4224853515625,1087.1180338222084,-1.2862505698183369,6.786133376411008,4.257969233120873,6.0455513784257064,75.16852472248178,1.76,True,82.81967158216204,False,True,False,1,False
CEMPRO.NS,2026-06-09,1200.727294921875,1146.0671444828456,2.7662270934018407,-6.52331889506258,-3.208667272988641,,82.21307949065528,2.07,True,86.57339262188748,False,True,False,0,False
CEMPRO.NS,2026-06-10,1233.942138671875,1200.727294921875,-4.99554135578002,-4.493090634829022,-4.047364710765855,,82.42522567871703,1.88,True,88.3446647203693,False,True,False,0,False
CGCL.NS,2026-06-15,214.17999267578125,209.10000610351562,1.7275246678303047,3.0955295123428206,,,77.87840771821418,2.45,True,75.94763307586538,False,True,False,3,True
CGPOWER.NS,2026-05-27,934.7999877929688,890.0,0.0,-4.327130159953507,-3.011335445710406,-2.856227273822398,66.14761604818653,3.41,True,67.60787944942373,False,False,False,3,True
CGPOWER.NS,2026-06-17,963.75,952.0,-0.9649792781290523,,,,57.214054293128626,1.42,True,54.32689777357983,False,True,False,3,False
CHAMBLFERT.NS,2026-05-25,463.45001220703125,461.0,3.128708516145773,3.171859165446822,1.2946380066810148,-3.1826517664241494,59.54339546288363,1.46,True,83.53900388134286,False,False,False,6,True
CHAMBLFERT.NS,2026-05-26,477.95001220703125,469.5,0.041841549188315064,-2.4165745403399663,-1.757511078464813,-4.854066662724932,61.106248122792735,3.12,True,85.22679261315092,False,False,False,6,True
CHAMBLFERT.NS,2026-06-16,490.0,483.0,-0.9999987543845679,-1.1836709781568922,,,55.167905248305026,2.76,True,74.95156945675875,False,False,False,4,True
CHENNPETRO.NS,2026-06-02,1141.5999755859375,1124.800048828125,4.222150864837593,3.48633932018938,7.428175424110406,3.6615320359192127,74.67588577505713,2.09,True,81.32885938165626,False,False,False,1,False
CHENNPETRO.NS,2026-06-03,1189.800048828125,1145.0,0.06723203269325406,0.12607160349988877,-0.46226254616623663,-2.075985226804744,78.88289168074324,2.94,True,89.68690317670149,False,False,False,0,True
CHENNPETRO.NS,2026-06-09,1226.4000244140625,1225.0,-3.432809421709826,-7.232556382617961,-3.5061969295494877,,91.90142484661807,0.58,True,90.29061790690741,False,False,False,0,False
CHOICEIN.NS,2026-06-15,702.25,696.0,1.0608774947712618,0.754715242857773,,,54.862270839663736,1.9,True,67.78940557552882,False,False,False,6,True
CHOICEIN.NS,2026-06-16,709.7000122070312,707.8499755859375,0.00704351023093075,2.3108303644951977,,,57.66400091249965,0.89,True,72.67225000903473,False,False,False,6,False
CHOICEIN.NS,2026-06-19,726.0999755859375,718.4000244140625,,,,,68.0012432306739,1.23,True,79.16374166681638,False,False,False,1,True
CHOLAFIN.NS,2026-06-15,1653.5999755859375,1629.9000244140625,1.6207093144536833,2.134739317204981,,,59.01022826827544,2.5,True,59.40262532741206,False,False,False,2,True
CHOLAFIN.NS,2026-06-16,1680.4000244140625,1664.0,-0.07141592625279358,0.7736253160632423,,,60.2470725245593,0.9,True,64.392532281146,False,False,False,0,False
COALINDIA.NS,2026-06-04,481.6499938964844,478.54998779296875,-1.941244933457864,-3.0623897408727174,-7.360112558637755,-6.155921161053046,70.07220282550323,0.43,False,38.64584822082248,False,True,False,4,False
COFORGE.NS,2026-06-01,1461.199951171875,1449.800048828125,3.989874813598826,-1.6903881739159465,-2.744318158084902,-4.017242891693085,68.96550363366285,3.5,True,74.83066474212102,False,False,False,1,False
COFORGE.NS,2026-06-02,1519.5,1498.199951171875,-6.488975030334809,-5.528134254689043,-7.074695623560379,-3.599865164322147,77.37567507545248,4.13,True,82.98438375175172,False,True,False,2,True
CONCORDBIO.NS,2026-06-10,1330.699951171875,1281.5,0.9468774418420756,3.719846833721463,0.6988839835708305,,70.39730945967816,0.83,True,89.55287588610379,False,False,False,1,True
CONCORDBIO.NS,2026-06-12,1353.800048828125,1349.9000244140625,1.950059195713738,-1.0193565024665618,-2.8586254872488004,,73.10976076416337,0.75,True,90.77099676770585,False,False,True,0,False
CONCORDBIO.NS,2026-06-15,1380.199951171875,1367.4000244140625,-0.39124058359552016,-2.3692183979655113,,,74.15931296613209,0.65,True,91.46093305331577,False,False,False,0,False
COROMANDEL.NS,2026-06-15,1986.300048828125,1932.5,3.695307885989041,4.123239205077267,,,63.11829497429567,1.34,True,59.64230468340965,False,True,False,0,False
COROMANDEL.NS,2026-06-16,2059.699951171875,1999.0,-1.1555045551305376,-2.1605088631808544,,,69.32203389830508,1.4,True,68.05697269909949,False,False,False,0,False
CPPLUS.NS,2026-05-26,2648.699951171875,2602.0,-0.34355924352997835,9.61981551422586,21.33121948184522,31.468268032067257,66.69625293967562,1.74,True,58.86737182007756,False,False,False,0,False
CPPLUS.NS,2026-05-29,2903.5,2737.0,7.663165145514039,16.039261276799554,20.609605729076975,16.2700155792578,74.74983703580263,3.43,True,66.8984701966294,False,False,False,0,True
CPPLUS.NS,2026-06-01,3126.0,2903.5,2.805500677283268,13.166989688299747,9.520156674864033,7.687141677163312,80.99599623816844,4.02,True,80.30229734620022,False,False,False,0,True
CPPLUS.NS,2026-06-02,3213.699951171875,3193.800048828125,4.8386595625797835,8.967854981818778,8.354855900660274,5.078257262703212,83.12850739276047,0.8,True,81.88222066088446,False,False,False,0,False
CPPLUS.NS,2026-06-03,3369.199951171875,3282.300048828125,4.998223582005035,1.6146309887441923,2.012348623136573,-0.6232933724427903,84.70500639975567,0.96,True,83.61212338824703,False,False,False,0,True
CPPLUS.NS,2026-06-04,3537.60009765625,3374.300048828125,-1.0091642448831983,-1.5660375665717319,-5.486773301053627,-0.675603398479363,92.239285913996,0.97,True,90.6789096635743,False,False,False,0,True
CRAFTSMAN.NS,2026-06-15,9337.0,9300.0,-0.11781086001927399,1.7457427439220297,,,63.39267853570714,1.69,True,51.24291976121209,False,True,False,3,False
CRAFTSMAN.NS,2026-06-19,9806.5,9656.0,,,,,72.67747589833479,2.91,True,77.08819140440764,False,True,False,2,True
CREDITACC.NS,2026-06-15,1375.0,1332.699951171875,2.3636363636363678,3.2436345880681783,,,64.85855280893774,1.34,True,44.27727959827444,False,True,False,4,False
CREDITACC.NS,2026-06-16,1407.5,1385.4000244140625,1.946715766540863,-0.07815101853907436,,,71.214791756632,1.07,True,60.4137492931534,False,True,False,1,False
CREDITACC.NS,2026-06-17,1434.9000244140625,1412.199951171875,-1.066279780319379,,,,73.77472208333103,1.11,True,64.6249537003896,False,False,False,0,False
CUB.NS,2026-06-12,201.6999969482422,196.8000030517578,-1.1650921568083006,-0.6197322850335807,-2.503719944553928,,70.1481987515571,1.79,True,67.38884236383743,False,True,False,4,True
CUMMINSIND.NS,2026-05-27,6027.5,5470.5,0.0,-5.756947324761508,-5.557859809207799,-6.934881791787639,71.1051030753633,5.37,True,75.30311311589858,False,False,False,6,True
DATAPATTNS.NS,2026-06-09,4558.5,4320.0,-4.490516514478449,-0.2807898362948369,-1.781291988866951,,73.59299600647819,4.52,True,82.09252870475893,False,True,False,0,True
DATAPATTNS.NS,2026-06-17,4769.60009765625,4722.0,0.6813988454916764,,,,63.1960037253754,1.22,True,77.81591435285675,False,True,False,0,True
DATAPATTNS.NS,2026-06-18,4802.10009765625,4794.7001953125,0.41648444624804437,,,,66.3225703612838,0.91,True,82.75215906886766,False,True,False,0,False
DEEPAKFERT.NS,2026-05-21,1383.699951171875,1364.4000244140625,6.518759588435041,4.697550212743051,4.668649269051373,2.6667648851769643,62.174943211988165,1.77,True,76.95162280669129,False,False,False,1,False
DEEPAKFERT.NS,2026-05-22,1473.9000244140625,1395.0,-1.1805430575916986,-1.73688684184089,-4.32865511712629,-3.263448998520724,66.71491625549626,4.42,True,82.54139364552165,False,False,False,1,True
DEEPAKFERT.NS,2026-06-09,1518.5999755859375,1503.4000244140625,-1.560644774983,2.3706045422600353,1.0799436769208803,,79.68655873324106,2.06,True,75.94788326510238,False,True,False,2,False
DIXON.NS,2026-05-22,11722.0,11674.0,0.8701586759938484,0.2900528919979495,-1.6891315475174862,-2.4739805493943057,54.202355460385434,2.36,True,64.45662348511138,False,False,False,1,True
DIXON.NS,2026-06-15,11957.0,11944.0,2.324997909174553,5.929580998578232,,,56.184668989547035,1.85,True,64.34928221769573,False,True,False,3,False
DIXON.NS,2026-06-16,12235.0,12075.0,4.887617490805063,2.3048630976706175,,,59.61461260537937,2.3,True,68.65343986596602,False,True,False,4,True
DIXON.NS,2026-06-17,12833.0,12290.0,-1.3013325021429156,,,,67.43282615733247,2.67,True,75.7331900058451,False,False,False,3,True
DLF.NS,2026-06-15,614.4500122070312,607.9000244140625,2.4167914868449936,4.272113187159543,,,58.94736935386535,3.63,True,63.18109597796258,False,False,False,8,True
DLF.NS,2026-06-16,629.2999877929688,620.2999877929688,-0.9137136678114222,-0.7627503394371349,,,61.91917468994359,1.44,True,65.37074497929636,False,False,False,4,False
DLF.NS,2026-06-18,640.7000122070312,633.75,-2.528486327201207,,,,64.90185178663043,2.0,True,64.5876019268014,False,False,False,0,True
DMART.NS,2026-06-17,4287.5,4253.0,0.4478179664723081,,,,60.69508152210456,2.71,True,48.18476303374157,False,True,False,5,True
EICHERMOT.NS,2026-06-15,7624.5,7441.0,-0.8393993048724457,-0.3082169322578543,,,60.818458859381806,1.82,True,36.450521671504895,False,False,False,9,True
ELECON.NS,2026-06-15,560.3499755859375,551.5,-0.7049078868513692,-4.523954080560088,,,63.09505034521938,2.05,True,61.96158461174308,False,True,False,3,True
ELGIEQUIP.NS,2026-05-27,577.9000244140625,574.9500122070312,0.0,0.40664050643017813,4.031837135946281,4.317347312309239,55.987692388684366,2.57,True,69.03881018885369,False,False,False,1,True
EMMVEE.NS,2026-05-27,312.1000061035156,302.5,0.0,-2.627366884546456,4.998399807253295,5.863501260842363,74.71204827593259,1.39,True,75.90893036627932,False,False,False,0,False
EMMVEE.NS,2026-05-29,325.29998779296875,314.8999938964844,-6.5785412540820705,0.7377880430754713,2.7820530741324845,5.610206174251342,75.11592278815924,2.72,True,76.61926621969718,False,False,False,0,True
ENDURANCE.NS,2026-05-22,2721.800048828125,2693.0,2.9171835152966397,1.0177070569089564,0.029394107347058274,-6.117275222758812,72.49051447605308,2.34,True,71.63885567641354,False,False,False,2,True
ENDURANCE.NS,2026-05-25,2801.199951171875,2756.60009765625,-2.4382425395785057,-1.8456358729496025,-2.4632300872036605,-10.270596750921568,76.6017248551257,1.33,True,76.68177476038657,False,False,False,1,False
ENGINERSIN.NS,2026-06-18,253.14999389648438,247.6999969482422,-0.9520001822736712,,,,64.52267484325395,2.98,True,78.04385586981999,False,True,False,3,True
ENRIN.NS,2026-05-20,3459.60009765625,3368.0,3.321190285015607,2.8905074915377194,8.859405461563096,6.561452005790613,60.0199544786764,9.8,True,67.29634428767403,False,False,False,4,True
ENRIN.NS,2026-05-21,3574.5,3494.0,-1.8520059077318463,-3.130505031298081,5.360192968422162,3.5361561713176615,64.53642678984676,2.0,True,74.48559579310904,False,False,False,0,True
ENRIN.NS,2026-05-27,3766.10009765625,3684.60009765625,0.0,-1.2931200459278203,-2.110936988888723,-9.062426382148626,73.87957689238758,1.29,True,79.39003731019905,False,False,False,0,True
ENRIN.NS,2026-05-29,3872.10009765625,3821.0,-3.995252999945398,-4.79068193800779,-5.7901446155332215,-6.84900153983683,76.47712844756515,3.16,True,83.89748090596437,False,False,False,1,True
ERIS.NS,2026-05-20,1450.4166259765625,1442.6584274053444,-4.958157479839143,-7.180082702866974,-7.365239631359288,-3.6759541662539252,71.61997882576023,21.5,True,86.03391354159673,False,False,False,2,True
ERIS.NS,2026-06-19,1448.4000244140625,1440.0999755859375,,,,,64.64435146443515,2.19,True,53.649106779863594,False,False,False,4,False
ETERNAL.NS,2026-06-19,264.29998779296875,262.5,,,,,62.217183010681616,1.08,True,53.32256157449462,False,False,False,1,False
EXIDEIND.NS,2026-05-27,394.1499938964844,379.8999938964844,0.0,-0.48204843991025426,1.2178151426808004,-1.9789389607392072,66.14128904216963,8.88,True,75.54531839869303,False,False,False,3,True
EXIDEIND.NS,2026-06-02,406.25,397.54998779296875,-1.7969200721153822,-1.649233774038461,-3.273843149038458,-4.356926081730772,78.98219450739504,0.92,True,76.19951914018338,False,False,False,0,True
FACT.NS,2026-06-16,997.7999877929688,938.4000244140625,-3.0266599094504465,-11.319905150216037,,,66.83257554897824,24.8,True,92.78506193862864,False,False,False,7,True
FEDERALBNK.NS,2026-06-03,301.04998779296875,298.45001220703125,-0.3155561295376752,1.1792122419842732,3.3383221119604345,7.191504830404161,77.95696366604592,0.31,True,20.80466913530529,False,True,False,7,False
FEDERALBNK.NS,2026-06-05,304.1499938964844,303.79998779296875,0.14795732896986102,2.285060774782277,3.7974744508717073,6.509951901325928,76.23376324840457,0.17,True,22.93832075062842,False,True,False,8,False
FEDERALBNK.NS,2026-06-09,315.1000061035156,310.0,-1.269438248974819,0.1904176743552588,1.745477592340361,,78.96553127244971,1.3,True,26.154505405259698,False,False,False,8,False
FEDERALBNK.NS,2026-06-17,322.70001220703125,321.1000061035156,-0.6972419940773023,,,,85.28186076974389,1.1,True,31.975326298194986,False,True,True,2,False
FINCABLES.NS,2026-05-27,1177.25,1172.800048828125,0.0,-15.931194546015604,-15.345085955749626,-15.523465703971118,61.41852010625493,4.06,True,66.10385944176753,False,False,False,2,True
FIVESTAR.NS,2026-06-18,518.8499755859375,491.75,0.1156474220541659,,,,74.88182938964228,1.74,True,85.35404047558201,False,False,False,0,True
GABRIEL.NS,2026-06-19,1197.4000244140625,1174.4000244140625,,,,,62.037427246793335,1.7,True,77.95909607870084,False,False,False,0,True
GAIL.NS,2026-05-25,168.6699981689453,168.08999633789062,-0.6165846311868228,0.195649395053743,-2.922862826406869,-0.04149645235638211,57.280991728147455,2.51,True,59.00780751562569,False,False,False,5,True
GAIL.NS,2026-06-15,175.41000366210938,171.1999969482422,0.38765900552120147,0.5871950047278585,,,64.73483254650458,2.09,True,46.45122455180208,False,True,False,3,True
GALLANTT.NS,2026-06-18,738.7999877929688,715.0,-3.444777020511136,,,,66.9187486710452,1.66,True,76.71896324460246,False,True,False,0,False
GLAND.NS,2026-05-21,2331.0,2295.10009765625,0.12870012870012104,-0.9909951804483064,-0.7722007722007707,-4.783354783354787,81.0999181312141,0.46,True,97.57088106201638,False,False,False,0,True
GLAXO.NS,2026-06-19,2332.0,2285.8134159771625,,,,,66.06246119992869,1.07,True,59.379125924449944,False,False,False,4,True
GMRAIRPORT.NS,2026-06-15,106.66000366210938,104.13999938964844,0.7969233498376971,3.647102246472489,,,70.45899359687904,1.0,True,72.56554558152902,False,False,False,3,False
GRANULES.NS,2026-05-27,782.5999755859375,778.75,0.0,-0.460002005908855,1.4311286169726323,-2.7855850336114485,63.29931142378827,20.49,True,90.25848830141467,False,False,False,3,True
GRASIM.NS,2026-05-21,3154.5,3007.300048828125,0.025362143861951125,0.3328578221588163,0.4913615469963606,-1.6167379933428427,81.96021618922279,3.69,True,82.60491960681787,False,False,False,5,True
GROWW.NS,2026-06-12,198.97000122070312,198.0399932861328,4.206661841401549,0.0,0.4523264265782867,,61.245267751351044,1.52,True,65.94513336367581,False,True,False,4,False
GROWW.NS,2026-06-15,207.33999633789062,201.0,-3.69441680206567,-3.2796388404850885,,,68.60348264897041,2.96,True,70.47712340859455,False,True,False,4,True
GRSE.NS,2026-06-17,2818.39990234375,2751.89990234375,0.244824961803225,,,,61.8756206010719,4.45,True,71.62967885520655,False,True,False,4,True
GVT&D.NS,2026-05-27,5097.7001953125,4962.39990234375,0.0,-6.722643195604638,-2.6129468232553577,-4.545190702378998,60.554805482112315,1.19,True,75.45950047612818,False,False,False,0,True
GVT&D.NS,2026-06-18,5250.0,5222.10009765625,5.400000000000005,,,,52.263794827698604,1.01,True,47.514501040750574,False,True,False,2,False
GVT&D.NS,2026-06-19,5533.5,5264.0,,,,,68.27893871800893,1.79,True,58.57333969508997,False,True,False,1,False
HCLTECH.NS,2026-06-02,1243.5,1212.800048828125,-5.186972255729794,-7.141137822929233,-7.816642635454363,-6.795335745878573,78.31737204663352,1.86,True,74.83912077715547,False,True,False,5,True
HDBFS.NS,2026-06-15,693.12060546875,692.1234226735421,2.078840882529276,0.3360752399946154,,,55.69526382770082,15.07,True,71.22379791819748,False,False,False,2,True
HDFCBANK.NS,2026-06-18,786.0,781.376444549763,-0.7888056243042341,,,,78.85535267821328,1.23,True,75.08169629238331,False,False,False,10,False
HEXT.NS,2026-06-02,549.6500244140625,529.0,-2.21050193293717,-4.302742356697586,-5.103256177970139,-9.078508541368102,78.94736238275551,5.02,True,79.06505136258644,False,True,False,2,True
HFCL.NS,2026-05-25,162.83999633789062,155.3000030517578,-0.6386596103667541,6.804226283611459,11.938100514979455,9.229918396773872,72.35855788412661,2.53,True,73.56551903209021,False,False,False,1,True
HFCL.NS,2026-05-27,173.9199981689453,168.24000549316406,0.0,4.806808129235773,14.656167066195081,-2.7656379997896163,69.25429816610165,1.36,True,70.56188243708311,False,False,False,0,False
HFCL.NS,2026-05-29,179.94000244140625,176.44000244140625,1.3004314249982274,10.820273956061065,4.051346664011879,-4.49038664078365,74.03052549160662,1.82,True,76.54334739504174,False,False,False,0,True
HFCL.NS,2026-06-02,189.94000244140625,189.0800018310547,4.985785563325185,-1.4267698636590165,-6.280934916935443,-0.5054262933177234,76.3812525669481,0.99,True,76.1099541215748,False,True,False,0,False
HFCL.NS,2026-06-03,199.41000366210938,191.38999938964844,-1.1684478151872235,-10.801869589963186,-15.194825984307037,-4.6537278014504135,81.15716276361877,1.03,True,86.24605644933831,False,True,False,0,False
HFCL.NS,2026-06-19,209.61000061035156,208.97999572753906,,,,,63.79327526051369,1.2,True,79.3671122703227,False,True,False,0,False
HINDALCO.NS,2026-05-27,1149.699951171875,1119.800048828125,0.0,-0.7306169174999155,-0.9393691586056185,-9.602496915062119,66.34215018730757,1.1,True,63.22643835053229,False,False,False,6,False
HONASA.NS,2026-05-22,384.3500061035156,364.70001220703125,1.795237098194824,9.262392490746475,5.7369552342429575,8.260699751738487,77.48428440693789,101.19,True,96.75418875105018,False,False,False,5,True
HONASA.NS,2026-05-27,419.95001220703125,402.79998779296875,0.0,-4.071914658043985,-4.250507342458598,-1.2739626022151729,82.30351460544526,0.34,True,97.27878929639797,False,False,False,0,True
HONAUT.NS,2026-05-21,34965.0,32880.0,1.258401258401265,1.730301730301731,3.474903474903468,-1.3728013728013688,67.38842244807776,37.12,True,89.78760637443344,False,False,False,2,True
HSCL.NS,2026-06-05,685.0499877929688,646.0236627844816,-2.60564570527837,1.1605010362300439,-0.6641833258953067,-2.043646485580408,92.71617803966274,2.32,True,78.24557935326659,False,True,False,2,True
HYUNDAI.NS,2026-06-15,2030.0999755859375,2004.5999755859375,-2.728930844801014,-2.6353381923744257,,,70.75873336883166,0.69,True,85.41828412936428,False,False,False,3,False
ICICIAMC.NS,2026-05-27,3423.906494140625,3393.5245903695436,0.0,-3.078088415118274,-2.743512502316514,-6.790403613836283,59.418868163683506,2.46,True,53.94124735049215,False,False,False,4,True
ICICIAMC.NS,2026-05-29,3524.81494140625,3491.145436197428,-5.852770140719654,-5.527772471432657,-8.18143295144733,-8.114323654790724,73.27786830588786,2.17,True,65.87467872610017,False,False,False,1,True
ICICIBANK.NS,2026-06-11,1317.0,1306.0,1.8071411410877092,1.313595203350415,1.9210363574886147,,62.735600256294376,2.03,True,64.97119771980238,False,True,False,7,True
ICICIBANK.NS,2026-06-12,1340.800048828125,1333.0,-0.9844923002295891,-0.29832934474428585,0.42511567454497357,,62.0570750251109,0.87,True,65.69697172515677,False,False,False,7,False
IDBI.NS,2026-06-17,90.36000061035156,79.7699966430664,-6.352365897518553,,,,78.20125003602979,19.38,True,92.74808361999617,False,False,False,4,True
IDEA.NS,2026-05-25,14.039999961853027,13.989999771118164,0.7122534312067552,0.9971534451790331,-0.6410267295756666,2.5641001257505236,88.75595760942723,1.24,True,82.15878965459359,False,False,True,0,True
IDEA.NS,2026-05-26,14.140000343322754,14.09000015258789,0.282885154751189,-1.0608243887025304,0.14143920511855423,0.0,87.566113805057,1.02,True,82.26417864395364,False,False,True,1,False
IDEA.NS,2026-06-03,14.850000381469727,14.4399995803833,0.5387200111178547,-3.0303080900992985,-6.531988162365332,0.47137840421584976,86.71871885892972,0.11,False,77.4031667418289,False,True,False,2,False
IDFCFIRSTB.NS,2026-06-09,73.69000244140625,73.08000183105469,-0.9499315435541167,3.813268374944201,5.170304562851968,,85.21850156069041,1.48,True,78.89531147799967,False,True,False,7,True
IDFCFIRSTB.NS,2026-06-12,76.5,74.5,2.392159256280646,1.1503232070823044,2.8496736015369617,,82.53230677456862,1.6,True,71.20485943238249,False,True,False,3,True
IDFCFIRSTB.NS,2026-06-15,78.33000183105469,77.38999938964844,-1.0596218711252825,-0.30640302253753804,,,84.10424986910054,0.86,True,71.97346273414793,False,True,False,2,False
IFCI.NS,2026-05-27,68.37999725341797,66.25,0.0,-1.6963967231760302,17.6074896155769,5.045341790305891,61.26126057323986,6.38,True,71.811576484617,False,False,False,2,True
IFCI.NS,2026-06-02,71.63999938964844,71.44999694824219,12.255721460217561,11.11110992781894,7.579564979673048,23.953104143366154,68.5349733013367,2.49,True,74.32181871548607,False,False,False,0,True
IFCI.NS,2026-06-03,80.41999816894531,72.19999694824219,1.9398224614616932,-8.23177725430968,-10.68141822118035,11.999504781890579,78.73219497146559,5.59,True,85.52845592925938,False,False,False,0,True
IFCI.NS,2026-06-12,84.56999969482422,83.44000244140625,5.947734181681352,6.50348825806677,1.3716491265168607,,70.75300530630194,4.93,True,81.94434247535982,False,False,False,0,True
IFCI.NS,2026-06-15,89.5999984741211,84.56999969482422,-0.8928520490927738,-8.136161874637637,,,71.96653014622478,3.73,True,85.58311095772403,False,False,False,0,True
IGIL.NS,2026-05-21,375.25,369.8999938964844,-0.6129214638157854,1.59893404397069,-1.4257178157270123,-3.530979347101937,61.048262891262574,8.6,True,83.23185174923196,False,False,False,0,True
IIFL.NS,2026-06-04,530.2999877929688,502.5,-2.5268647345580653,-4.195738357943634,-7.392038957533775,-0.20742515769526237,76.38049344271612,2.51,True,67.05219810761764,False,False,False,2,True
INDHOTEL.NS,2026-06-15,689.8499755859375,681.9500122070312,0.659570774683349,2.986161825054312,,,62.986475310096345,1.11,True,55.06701775238362,False,True,False,9,False
INDHOTEL.NS,2026-06-18,710.4500122070312,700.5999755859375,2.012807030370145,,,,72.93876906351191,1.02,True,69.32634627940718,False,False,False,5,False
INDHOTEL.NS,2026-06-19,724.75,711.7999877929688,,,,,80.1624016026797,1.62,True,82.62899087267456,False,False,False,2,False
INDIAMART.NS,2026-06-16,2025.6046142578125,1997.321220047727,0.28308846106122054,3.1494442517012278,,,62.98705204362812,3.26,True,62.12924038618901,False,True,False,6,True
INDIAMART.NS,2026-06-18,2077.699951171875,2055.637233534595,0.5631203468660528,,,,70.63599970428103,2.01,True,81.84071534191828,False,False,False,7,True
INDIANB.NS,2026-06-09,856.7000122070312,842.992006956525,-2.713902144124325,-1.3073435330271277,-0.39687456117846187,,72.04629753044182,1.41,True,82.2423864153897,False,True,False,5,False
INDIANB.NS,2026-06-17,876.3499755859375,867.6500244140625,-0.07416710184440234,,,,65.92751777087136,0.95,True,77.9520773064531,False,True,False,6,False
INDIGO.NS,2026-06-12,4709.7001953125,4633.89990234375,3.6244283065224536,3.5819627584608105,6.620374795784878,,60.87731073364307,3.37,True,61.51436171536186,False,True,False,7,True
INDIGO.NS,2026-06-15,4880.39990234375,4725.0,-0.8277990154935577,2.6924003149956466,,,68.08472084047288,2.15,True,70.72104453081323,False,False,False,3,True
INDIGO.NS,2026-06-18,5011.7998046875,4941.5,0.19354714255401806,,,,78.54722977983235,0.78,True,74.05927295036409,False,False,False,1,False
INFY.NS,2026-06-02,1243.8831787109375,1191.222659904496,-3.7928963126298454,-5.768020482260305,-7.121499140667941,-8.062107828238796,76.57432426064818,1.75,True,78.76100970040653,False,True,False,5,True
IOB.NS,2026-06-17,35.58000183105469,34.25,-0.9837050893934274,,,,63.157879197119726,8.78,True,79.4262579458081,False,False,False,6,True
IRB.NS,2026-05-21,22.78717803955078,22.21849824808694,-3.546400264366645,-4.946545773163635,-4.814889775244824,-6.526384267104069,63.598291887023294,23.53,True,85.29304740878642,False,False,False,3,True
ITCHOTELS.NS,2026-06-18,161.1300048828125,160.25999450683594,6.07583503348923,,,,61.6728495904522,1.0,True,43.05794625378241,False,False,False,5,False
ITCHOTELS.NS,2026-06-19,170.9199981689453,161.6999969482422,,,,,74.92189676982635,7.0,True,67.38950311002658,False,False,False,6,True
J&KBANK.NS,2026-06-03,148.64999389648438,145.0,-0.6525403703538712,-0.3296268109612033,3.8076043689923234,9.61991499422188,74.42612261906953,4.51,True,78.09048288079399,False,True,False,2,True
J&KBANK.NS,2026-06-09,156.97999572753906,151.9499969482422,-1.7008524917910384,0.2675488472265508,3.1914956694995666,,84.06017245889302,1.99,True,84.14087187842819,False,True,False,2,True
J&KBANK.NS,2026-06-15,159.91000366210938,158.8300018310547,1.3007327768247423,1.8697956137208704,,,76.78331836560707,1.27,True,84.28714719098565,False,True,False,1,False
JBCHEPHARM.NS,2026-05-25,2218.997802734375,2215.512616269703,-1.7232120312267063,-1.0859812641964006,-3.55105586248895,-2.0819197679836643,66.32504834108704,1.87,True,71.51159010485354,False,False,False,4,True
JBMA.NS,2026-06-19,727.2999877929688,718.5999755859375,,,,,67.81124480072171,2.58,True,91.62139650439435,False,False,False,2,True
JINDALSAW.NS,2026-06-04,260.0,252.6999969482422,-3.6269202599158668,-7.7653855543870165,-14.042305579552284,1.5615375225360495,73.22560477042317,4.91,True,82.13719123947862,False,True,False,1,True
JPPOWER.NS,2026-05-27,22.8700008392334,21.049999237060547,0.0,-17.83996403142597,-15.478796614010115,-21.294274860186846,67.97520999056374,1.71,True,71.18601330296192,False,False,False,1,False
JSWCEMENT.NS,2026-05-22,137.99000549316406,132.1300048828125,-2.333503219450661,-5.2612576828867885,-6.05841023085234,-7.696211554327492,75.68391462082329,12.23,True,96.61227792709374,False,False,False,4,True
JSWDULUX.NS,2026-05-29,3151.800048828125,3070.0,0.21891941864509157,-1.0216368637930295,-1.2976757995667332,0.5266785093742454,58.677960253823485,16.76,True,65.45149560136011,False,False,False,8,True
JSWENERGY.NS,2026-05-27,600.0093383789062,582.718172334794,0.0,-3.0894396276587854,-3.629266837786238,-6.559783564566512,58.19491502978458,3.41,True,61.96595920800034,False,False,False,1,True
JSWINFRA.NS,2026-06-12,290.1249694824219,287.53278772456696,1.1855705617496604,2.8522275862105317,6.21284836193825,,59.61124671315628,1.38,False,57.9833687348526,False,True,False,3,True
JSWINFRA.NS,2026-06-18,307.95001220703125,300.3939799042813,0.06493965953107139,,,,70.3560162402488,1.96,True,71.80931723188264,False,False,False,1,True
JYOTICNC.NS,2026-06-19,737.9500122070312,719.5999755859375,,,,,81.4784456151574,3.57,True,83.89178028206602,False,True,False,0,True
KAJARIACER.NS,2026-06-16,1139.0999755859375,1125.0,1.4748528828194551,2.7477876831684345,,,65.63684313600947,3.11,True,50.709593367861416,False,True,False,6,True
KAJARIACER.NS,2026-06-17,1155.9000244140625,1142.800048828125,0.7093996884403264,,,,68.50471483581457,3.18,True,60.02217993376606,False,True,False,6,True
KAJARIACER.NS,2026-06-18,1164.0999755859375,1161.0,0.5411948252085352,,,,72.7952222872345,0.71,True,70.95919501636608,False,True,True,6,False
KAJARIACER.NS,2026-06-19,1170.4000244140625,1166.0,,,,,69.30861827266757,0.76,True,70.51271202434584,False,False,False,6,False
KALYANKJIL.NS,2026-06-15,383.0,374.25,-1.1618830827757831,-0.013051643072781172,,,60.19237708401357,6.4,True,77.60746966159353,False,True,False,0,True
KEC.NS,2026-06-16,527.75,525.9000244140625,-1.7906228720097062,2.5959284144066785,,,63.2406955769184,2.45,True,66.95001386296485,False,True,False,3,False
KEC.NS,2026-06-19,541.4500122070312,532.2999877929688,,,,,67.59822110595,1.64,True,77.39075746150239,False,True,False,4,True
KEI.NS,2026-05-27,5446.2001953125,5345.0,0.0,-4.997983650082871,-4.116635218541309,-5.135694342511233,69.03034111072272,0.96,True,77.1716888207655,False,False,False,3,False
KEI.NS,2026-06-17,5643.5,5520.0,-0.23035350403118882,,,,56.272645138455516,2.07,True,55.026043053317494,False,True,False,4,False
KFINTECH.NS,2026-06-17,898.4500122070312,876.9000244140625,0.9349394250963261,,,,59.77077915595569,3.18,True,59.17462076776916,False,True,False,5,True
KFINTECH.NS,2026-06-18,906.8499755859375,903.2999877929688,0.9373104955434197,,,,59.582350029135824,1.92,True,60.956920215946866,False,True,False,0,True
KIMS.NS,2026-06-08,801.2000122070312,797.0,-2.446335037751979,-4.468295961997315,-3.9128851901456096,,66.8157650463437,2.61,True,82.99219626715947,False,True,False,3,True
KIRLOSENG.NS,2026-05-27,1830.0,1775.0,0.0,4.836065573770498,3.2513661202185684,-0.6666639984631129,58.35652416999052,1.89,True,70.11593388012578,False,False,False,1,False
KIRLOSENG.NS,2026-05-29,1928.0,1836.0,-0.4927385892116165,-1.9968879668049833,-0.7624456002009894,-1.945020746887971,70.9702740527321,3.14,True,78.48987097487161,False,False,False,1,True
KOTAKBANK.NS,2026-06-12,403.29998779296875,399.8999938964844,0.607491267341409,0.2975482874666646,-1.0042122280072507,,60.39798541594675,1.13,True,45.8893090698367,False,False,False,9,False
KOTAKBANK.NS,2026-06-15,405.75,404.5,0.5175615781923826,-0.690077090072394,,,67.62886117908522,0.86,True,52.982827290807535,False,False,False,9,False
KPIL.NS,2026-06-16,1365.699951171875,1335.0,0.2636082437552201,2.416343353580963,,,66.18220731548477,17.98,True,73.72006532913963,False,True,False,8,True
KPITTECH.NS,2026-06-02,809.25,805.8499755859375,-4.324992276799511,-3.8863159971617267,-6.561628123069196,-6.512204165218572,85.64712247805295,2.73,True,75.81430683815341,False,True,False,1,True
KPRMILL.NS,2026-06-01,992.0499877929688,989.1500244140625,0.710648443094386,11.204068821792301,4.616701613480267,6.39080330215549,66.67453752235842,7.28,True,79.44569991605445,False,False,False,3,True
KPRMILL.NS,2026-06-03,1085.800048828125,1012.0,1.602495999381226,-4.416105275915094,-3.7069440219164473,-3.9187738915694603,85.04707242300499,4.32,True,88.56036245315795,False,False,False,2,True
KPRMILL.NS,2026-06-18,1186.4000244140625,1123.0,-2.246293313018466,,,,76.69337355913919,23.93,True,86.27386281841999,False,True,False,2,True
LAURUSLABS.NS,2026-05-20,1361.0999755859375,1353.0999755859375,-0.7420450934612299,-0.35265056527138405,1.5134799761545414,2.439209010190102,99.13567350012512,0.91,True,50.0,False,False,False,1,False
LAURUSLABS.NS,2026-05-27,1381.699951171875,1376.9000244140625,0.0,0.4849152116206401,0.9119271984893151,0.28949845417649556,91.68243023790446,0.71,True,94.09539391933113,False,False,False,2,False
LAURUSLABS.NS,2026-06-04,1427.199951171875,1398.800048828125,1.3733252751414682,-0.19618321563936725,-2.5504416752440306,-4.091921548609767,77.2918902961782,1.16,True,76.58617439294628,False,True,False,3,False
LAURUSLABS.NS,2026-06-05,1446.800048828125,1433.699951171875,-2.909876709663517,-4.223119684419396,-3.6286976934044035,-2.343103626622123,79.0471629475863,0.72,True,76.33488324927737,False,True,False,3,False
LGEINDIA.NS,2026-06-18,1607.5999755859375,1604.9000244140625,2.5006266392567866,,,,68.10902548738308,0.99,True,71.75638579079016,False,False,False,7,False
LGEINDIA.NS,2026-06-19,1647.800048828125,1611.0,,,,,71.23340473948824,11.71,True,86.96389485896611,False,False,False,7,True
LICI.NS,2026-05-26,427.45001220703125,423.25,-2.912624131825081,-3.7665237206070623,-6.25804169752694,-5.5094204323336555,66.74869047945958,0.68,True,83.43737208907926,False,False,False,6,True
LICI.NS,2026-06-18,430.0,428.54998779296875,2.3604636968568293,,,,61.85633173353572,3.67,True,64.65226996292041,False,False,False,10,True
LICI.NS,2026-06-19,440.1499938964844,437.8999938964844,,,,,71.44594119557817,2.55,True,76.26659466652087,False,False,False,4,True
LLOYDSME.NS,2026-05-26,1852.5927734375,1844.8974293212968,0.27513039948763307,-2.783623827458881,-1.726280998705887,-7.363650500380858,59.86303336153754,1.98,True,60.43691505484389,False,False,False,2,False
LT.NS,2026-06-15,4169.7998046875,4128.0,0.39810298896336693,0.4844404110190492,,,59.89207599834459,1.89,True,63.83607273718009,False,False,False,9,True
LTF.NS,2026-06-15,293.25,289.3999938964844,0.34100596760442414,-2.1653899756233996,,,56.32114677409446,3.01,True,60.162946815975694,False,False,False,2,True
LUPIN.NS,2026-06-18,2327.10009765625,2306.300048828125,1.0528124692476881,,,,62.890675912376274,1.4,True,52.083789793866956,False,True,False,5,False
LUPIN.NS,2026-06-19,2351.60009765625,2337.89990234375,,,,,67.73297358083889,1.84,True,65.00209470850426,False,True,False,6,False
MAHABANK.NS,2026-06-09,83.97000122070312,81.5,0.2500882236749158,3.965704159396477,5.025605763195662,,73.96823420278199,3.29,True,65.28268206495034,False,True,False,4,True
MAHABANK.NS,2026-06-12,87.30000305175781,85.08000183105469,2.0847647550999326,3.2531457486970172,3.3104230110221566,,72.2658276185043,1.82,True,64.78326481327764,False,True,False,1,True
MAHABANK.NS,2026-06-15,89.12000274658203,87.62000274658203,-1.0435371145805394,0.42638828737304735,,,79.23754026805054,1.35,True,73.90949365394319,False,False,False,0,True
MANAPPURAM.NS,2026-05-20,319.1499938964844,317.6965481771378,1.0183299583750305,2.036659916750083,3.0079919433209756,-2.2559867858836347,65.69986600517547,0.98,False,70.64860967867513,False,False,False,3,False
MANKIND.NS,2026-05-20,2583.89990234375,2549.89990234375,-2.701335474496802,-4.891826584655923,-6.327644497826556,-8.297531268501412,79.8503163043919,6.59,True,91.2905769059179,False,False,False,2,True
MARUTI.NS,2026-06-15,13805.0,13508.0,-0.8257877580586714,-2.325244476638899,,,66.30256690333151,1.64,True,53.49386218470421,False,False,False,9,True
MAXHEALTH.NS,2026-05-21,1091.0999755859375,1080.0,-6.218492998270031,-8.903855334313903,-8.949680649242675,-11.447160312860705,79.25994221782008,1.58,True,72.38043086276527,False,False,False,2,False
MAZDOCK.NS,2026-06-17,2552.39990234375,2534.0,-0.7248080515522837,,,,60.61531200291499,2.47,True,63.67377380356591,False,True,False,5,True
MFSL.NS,2026-05-25,1726.800048828125,1718.800048828125,-0.06949694279901886,-2.5770210065837906,-5.9300452581962375,-8.646053081214934,65.96577257926359,0.8,True,53.312939918339396,False,False,False,6,False
MGL.NS,2026-06-15,1139.0,1121.0,4.0913060215924,6.294991323255039,,,59.36411747254745,1.64,True,38.65789631220982,False,True,False,4,False
MGL.NS,2026-06-16,1185.5999755859375,1145.0,1.9652538215184867,1.9736863103845703,,,65.31599661833314,2.74,True,46.84907836530324,False,False,False,5,True
MGL.NS,2026-06-17,1208.9000244140625,1191.0,0.14888962870895917,,,,68.08075602594423,2.14,True,54.653904682766964,False,False,False,0,True
MINDACORP.NS,2026-05-22,574.6500244140625,549.6500244140625,1.8619943821955198,8.56172436815632,8.657443293546741,11.963803546358577,70.65025475998928,10.66,True,78.81161326124911,False,False,False,6,True
MINDACORP.NS,2026-05-27,623.8499755859375,613.4000244140625,0.0,-0.8094875355610376,0.40875994676923266,3.887152512464831,75.53470580450869,1.39,True,91.20339035034606,False,False,False,0,True
MINDACORP.NS,2026-06-04,645.2999877929688,642.0,-0.29443102663064824,0.2866940424748998,-1.9215812201261895,0.8678191115804479,86.72782128010321,2.71,True,93.11318153099974,False,True,False,1,True
MMTC.NS,2026-06-16,75.73999786376953,72.19000244140625,0.38289004978446783,-1.5711577047468506,,,67.9293942555318,4.78,True,96.79655662305888,False,False,False,0,True
MOTHERSON.NS,2026-05-21,137.0,136.0,-0.5985454921304756,-0.8613085224680628,3.9489077825615837,5.335764641309315,71.87587400354347,2.52,True,75.56451799727243,False,False,False,2,True
MOTHERSON.NS,2026-05-27,142.41000366210938,139.00999450683594,0.0,-0.449406202647773,2.247031013238865,-0.14043742932323688,68.35174143819766,1.35,True,79.544199827525,False,False,False,1,True
MOTILALOFS.NS,2026-06-15,939.4500122070312,909.0,0.5109359444992911,0.9260750539129337,,,60.765628814697266,1.84,True,65.05363237440031,False,True,False,5,True
MPHASIS.NS,2026-06-02,2387.699951171875,2373.0,-4.154623830485404,-2.416549497500975,-1.9767957506013012,-2.533819208326693,77.40109970747295,2.19,True,76.22100590635345,False,True,False,2,True
MRPL.NS,2026-06-10,163.6199951171875,161.4499969482422,-4.840483073766666,3.257549193322773,-1.55848176816189,,66.90973827533749,2.67,True,79.99865685896879,False,True,False,1,True
NAM-INDIA.NS,2026-06-04,1129.0999755859375,1125.0,-1.417057864313298,-3.923472475041323,-7.74953519546332,3.3920865872173467,57.87729514889367,2.34,True,54.38390913695922,False,True,False,4,True
NAM-INDIA.NS,2026-06-18,1167.4000244140625,1158.5,1.670378584220722,,,,59.70538114172741,1.34,True,58.587117661803795,False,False,False,5,False
NAM-INDIA.NS,2026-06-19,1186.9000244140625,1172.300048828125,,,,,63.11383392586003,1.83,True,66.46967463285694,False,False,False,1,True
NAVINFLUOR.NS,2026-05-25,7436.55322265625,7220.313510378986,-0.66482990448955,-2.6996149260334557,-6.003626643386395,-7.816803885421075,69.37966823184885,2.3,True,61.33310003412788,False,False,False,3,False
NBCC.NS,2026-06-01,104.4000015258789,102.66999816894531,-0.2777786506597435,-0.3065131131678167,-0.9003854671144285,2.8352481237645666,76.6576017002269,1.93,True,78.53326242319397,False,False,False,1,True
NBCC.NS,2026-06-16,109.13999938964844,108.87999725341797,3.3809808155049748,2.116545328488284,,,66.30928175423402,1.2,True,79.70556313482447,False,True,True,2,False
NBCC.NS,2026-06-17,112.83000183105469,109.91999816894531,-2.3752550400456984,,,,69.91585981135688,1.66,True,81.55394356618383,False,True,False,2,False
NETWEB.NS,2026-05-29,4670.7001953125,4492.0,-1.0833514364084418,0.7407799243831503,-0.10063149240915337,-1.7834647801276082,62.1403130113888,13.9,True,71.22477749536134,False,False,False,2,True
NETWEB.NS,2026-06-18,5079.60009765625,5038.0,-0.3681430615202985,,,,58.250266839351184,1.29,True,79.79117577036746,False,True,False,0,True
NEWGEN.NS,2026-06-02,518.0999755859375,514.0,0.019308362441172733,-5.60702357882088,-5.9351420442831815,-7.74946251126517,65.05945974367194,67.97,True,91.72693019983063,False,False,False,2,True
NH.NS,2026-05-21,1930.9000244140625,1918.4000244140625,-3.8997383539303154,-2.0456781552937398,-0.5541495213059799,0.947740769922345,69.06476898975335,1.24,True,67.49334736369822,False,False,False,5,False
NH.NS,2026-06-03,1980.5999755859375,1968.0,-1.5853794204341076,-2.988990805897662,-3.7261399408015095,-6.942340790412372,67.46857231146298,1.62,True,70.68122611471281,False,True,False,3,False
NIACL.NS,2026-06-18,178.6699981689453,169.60000610351562,13.231096228755268,,,,69.68685149477803,68.76,True,96.91979952626772,False,False,False,0,True
NIACL.NS,2026-06-19,202.30999755859375,188.5,,,,,79.33936977665844,6.5,True,98.84315275702683,False,False,False,0,True
NIVABUPA.NS,2026-06-18,87.08999633789062,86.91000366210938,-0.25260489213372317,,,,62.404962111385984,3.68,True,81.47631149346304,False,True,False,5,True
NMDC.NS,2026-06-02,95.30999755859375,94.25,0.7659252708350994,-2.5285868161241454,-5.529321978868551,-7.575282137914741,58.93616371966422,3.08,True,68.15603589303211,False,True,False,6,True
NSLNISP.NS,2026-06-01,50.5,46.619998931884766,4.059404429822866,0.43564598159033796,-4.336630943978181,-5.247527774017636,75.17563686230017,24.19,True,90.8937620331024,False,False,False,4,True
NUVAMA.NS,2026-06-15,1660.9000244140625,1600.0,-0.012046073770033416,3.582395034342345,,,71.65930899290092,2.22,True,59.21280094478095,False,True,False,3,False
NUVAMA.NS,2026-06-17,1726.699951171875,1686.699951171875,-0.36485358985137717,,,,74.74533908031319,1.51,True,59.34542723284225,False,True,False,0,False
NUVOCO.NS,2026-05-29,348.6499938964844,340.0,-1.9360390414933204,-5.736411974795008,-8.461207662822634,-10.9278665625985,61.59379879733309,32.08,True,84.22378577153982,False,False,False,3,True
NYKAA.NS,2026-06-18,298.1000061035156,285.6000061035156,1.4089170088761094,,,,75.35411842461878,4.88,True,74.00778511792927,False,False,False,9,True
OFSS.NS,2026-05-27,10299.5,9999.0,0.0,-1.053449196562939,-2.9321811738433956,-8.053789018884416,66.6875,2.07,True,68.16685723559794,False,False,False,1,False
OLAELEC.NS,2026-05-27,39.2400016784668,38.400001525878906,0.0,0.7390343741733751,11.467889417724987,20.591227499338704,65.33629674907692,1.52,True,75.94263472479975,False,False,False,2,False
OLAELEC.NS,2026-05-29,41.4900016784668,39.4900016784668,-4.724036683245448,5.42299327302207,8.170641726938843,10.243431737930585,66.25899712964565,4.33,True,79.03162289983366,False,False,False,1,True
OLAELEC.NS,2026-06-03,43.7400016784668,42.880001068115234,-0.9602239769673893,1.5775002291521956,8.184723088659274,-2.4462813636521807,72.34411117241349,1.92,True,74.69820375137397,False,True,False,0,True
OLAELEC.NS,2026-06-09,47.34000015258789,46.369998931884766,-0.04224853759865477,-3.379802427046741,-9.019857296156442,,76.53373284922844,2.24,True,87.86119990644008,False,True,False,0,True
OLECTRA.NS,2026-06-18,1446.5999755859375,1393.0,5.094709974147182,,,,73.1584422249627,4.41,True,89.75114909842488,False,False,False,1,True
OLECTRA.NS,2026-06-19,1520.300048828125,1454.0,,,,,74.19409034588487,2.84,True,90.40565741985516,False,False,False,0,True
PARADEEP.NS,2026-06-16,134.1999969482422,131.99000549316406,-0.08196766978615377,1.5052193132612413,,,61.741085761481465,7.43,True,70.98493369844716,False,True,False,4,True
PARADEEP.NS,2026-06-19,136.22000122070312,135.5,,,,,71.11925670069058,1.42,True,85.95607050582788,False,False,False,1,True
PERSISTENT.NS,2026-05-29,5194.2998046875,5187.7001953125,3.9986177756829777,-1.863577543216599,-2.9994380483564176,-7.379239148683681,53.766037251114135,4.8,True,68.1381885993174,False,False,False,1,True
PERSISTENT.NS,2026-06-01,5402.0,5278.0,1.2680488707885962,-5.1925212884117,-6.238430211032952,-9.468715290633101,70.76507387185244,2.13,True,78.26875807373527,False,False,False,1,True
PETRONET.NS,2026-06-15,285.8999938964844,281.0082270687296,1.6264407120512248,0.821967874671059,,,59.20093382423498,1.21,False,28.323500180188333,False,False,False,9,False
PGEL.NS,2026-06-16,527.4500122070312,506.29998779296875,3.450566268996025,6.265994317580215,,,64.26194182623198,4.47,True,79.6897804211286,False,True,False,3,True
PGEL.NS,2026-06-17,545.6500244140625,531.75,3.4087738942027546,,,,67.54033504738378,1.1,True,81.74896655266045,False,True,False,0,True
PGEL.NS,2026-06-18,564.25,550.5499877929688,-0.664599025254764,,,,69.4061842983898,0.69,True,79.75243274962101,False,False,False,0,False
PHOENIXLTD.NS,2026-06-15,1846.9000244140625,1819.300048828125,1.1532799001705563,0.36818055487166657,,,60.125133244476885,1.78,True,43.846731173687836,False,True,False,9,True
PHOENIXLTD.NS,2026-06-16,1868.199951171875,1861.699951171875,0.048176021709989136,0.6905055535394222,,,65.47848557381342,2.46,True,54.9337427989122,False,False,False,9,True
PIDILITIND.NS,2026-06-15,1571.0,1553.9000244140625,0.012727636656584274,0.6429010557566839,,,73.37040061781549,1.97,True,82.45047008976442,False,True,False,5,True
PIRAMALFIN.NS,2026-06-19,2153.10009765625,2091.0,,,,,75.23910310817925,7.23,True,80.18734396164002,False,True,False,4,True
PNB.NS,2026-06-09,106.55166625976562,105.7256840933878,-2.2617453604984683,0.3081425238831148,1.3311241491800851,,71.78883356441904,2.29,True,81.64744223918214,False,True,False,4,True
PNB.NS,2026-06-15,107.95999908447266,107.5199966430664,0.009264668687736233,1.5005583181919802,,,62.67575759202989,0.7,True,64.14477517183047,False,True,False,3,False
POLYCAB.NS,2026-05-25,9354.1162109375,9272.503618241282,2.2875958580650835,2.824917798658788,0.8724852183744636,1.026766395768064,83.24457607628801,0.93,True,81.23418361689022,False,False,False,2,False
POLYCAB.NS,2026-05-26,9568.1005859375,9379.495788889184,0.5253050832666917,-1.4146739016721699,-0.8529624448916029,0.020810932322623543,84.56431051312073,1.61,True,79.57372659085615,False,False,False,2,False
POLYCAB.NS,2026-06-17,9879.623046875,9786.564461582702,0.26192247418979075,,,,58.373212330700746,2.31,True,47.58803190419326,False,True,False,5,True
POLYCAB.NS,2026-06-19,10083.0,9966.709570459683,,,,,70.54996474783697,1.51,True,65.9987469095455,False,True,False,5,True
POONAWALLA.NS,2026-06-19,426.70001220703125,413.3999938964844,,,,,68.160252454436,6.51,True,82.92571629358964,False,False,False,4,True
POWERINDIA.NS,2026-05-20,35525.0,35095.0,2.603800140745949,0.3096410978184361,5.700211118930332,-0.9429978888106927,59.889834752128195,2.31,True,60.96135806022308,False,False,False,1,True
POWERINDIA.NS,2026-05-21,36450.0,35790.0,-2.45541838134431,-1.2482853223593993,3.0178326474622708,0.2057613168724215,63.290559120073326,1.2,True,64.527429434092,False,False,True,0,False
POWERINDIA.NS,2026-05-27,37550.0,36750.0,0.0,-3.115845539280959,-6.284953395472703,-11.411451398135819,62.47086247086247,1.2,True,46.73089183267963,False,False,False,0,True
POWERINDIA.NS,2026-05-29,38445.0,37695.0,-5.371309663155155,-8.46664065548186,-4.096761607491217,-10.71660814150085,77.77777777777777,1.78,True,60.560452667297554,False,False,False,1,True
PREMIERENE.NS,2026-05-29,1061.0,1056.0,-0.7822854691918013,2.639019792648445,1.800186200371101,-2.488220962682608,64.1444136384286,0.97,True,67.628907829323,False,False,False,7,True
PREMIERENE.NS,2026-06-03,1089.0,1083.0,-1.0284619992539046,0.13774104683195176,-2.121209879333108,-3.0486640194559267,78.0120317652329,0.97,True,71.19175168093938,False,True,False,1,False
PRESTIGE.NS,2026-06-15,1472.5,1434.0,3.300507679859943,3.7487233393463493,,,58.339270323620994,2.75,True,49.63404477847985,False,False,False,4,True
PRESTIGE.NS,2026-06-16,1521.0999755859375,1481.4000244140625,0.026298364373356087,-1.5646523660382439,,,62.967704486011506,2.4,True,54.70321954805592,False,False,False,0,True
PTCIL.NS,2026-06-01,18489.0,17400.0,4.819081616096055,1.0763156471415458,-1.1736708313050959,0.9032397641841161,62.534896705750974,28.77,True,79.67386654745208,False,False,False,6,True
PTCIL.NS,2026-06-02,19380.0,19169.0,-2.378740970072235,-4.422084623323008,-3.5500515995872006,-8.106295149638798,70.96828046744574,2.38,True,86.68610949237888,False,False,False,0,True
PWL.NS,2026-06-19,122.61000061035156,117.94999694824219,,,,,71.54389550607834,2.78,True,90.24137797508516,False,False,False,1,True
RADICO.NS,2026-06-18,3690.0,3649.0,2.1463401401592197,,,,68.76914867337456,5.57,True,68.95181461970633,False,True,False,7,True
RADICO.NS,2026-06-19,3769.199951171875,3735.0,,,,,75.13852751445458,1.71,True,72.93612329769763,False,True,False,6,True
RAINBOW.NS,2026-06-15,1418.5999755859375,1395.0,0.2890156250174858,2.213451639253905,,,64.19423129535299,3.94,True,67.29382986853946,False,True,False,5,True
RAINBOW.NS,2026-06-17,1444.5,1430.0,0.3807545863620643,,,,66.7162779207112,0.64,True,70.01923974235571,False,False,False,4,False
RAINBOW.NS,2026-06-19,1470.800048828125,1452.199951171875,,,,,73.64489041331092,1.6,True,76.47322480071514,False,False,False,5,False
RBLBANK.NS,2026-06-04,353.75,353.0,-0.6784435043065362,2.0494699646643078,1.5123692165415203,4.381625441696113,62.33253219734591,1.38,True,54.79319709984322,False,True,False,5,False
RBLBANK.NS,2026-06-09,361.0,356.79998779296875,-1.1218802750605938,1.3434919954336877,2.4099756806180705,,73.55072463768116,1.1,True,69.17819178499504,False,True,False,2,False
RBLBANK.NS,2026-06-15,372.6499938964844,368.45001220703125,-0.7916226318985475,-0.9123826518641631,,,69.4520587459444,1.48,True,76.03089231931934,False,True,True,3,True
RBLBANK.NS,2026-06-19,378.8500061035156,375.1499938964844,,,,,77.56369946479722,1.7,True,82.1305771326025,False,True,False,2,True
RECLTD.NS,2026-06-16,356.54998779296875,354.79998779296875,0.6170277050489448,-0.3365535634655248,,,60.849948672318746,0.72,False,63.231438176588505,False,True,False,5,False
REDINGTON.NS,2026-06-01,233.22000122070312,228.3000030517578,2.371151166431762,5.93430934973429,-1.5779126641405905,4.103418238289658,77.48235873962706,14.15,True,86.32244026309726,False,False,False,5,True
REDINGTON.NS,2026-06-04,247.05999755859375,244.0,-3.2583190849618027,-2.7361752503995307,-6.484256630279273,10.074481864484962,80.000049737687,0.45,True,89.02752018164291,False,False,False,2,False
REDINGTON.NS,2026-06-18,271.95001220703125,254.89999389648438,3.239565053553606,,,,72.94276543386313,11.24,True,92.69972696665388,False,False,False,0,True
REDINGTON.NS,2026-06-19,280.760009765625,274.8299865722656,,,,,72.9218914892753,1.92,True,92.20467971106396,False,False,False,0,True
RKFORGE.NS,2026-06-12,592.2000122070312,584.5,-0.5403600373301787,-1.3846693748740702,-0.5910165362807196,,57.92562843456799,2.41,True,75.81882168077965,False,True,False,4,False
RRKABEL.NS,2026-05-29,2051.129638671875,2043.8479004422045,-1.3811225164486962,4.843641443292901,8.126238554474142,5.441813634755133,63.94021491979759,3.41,True,75.44277261777806,False,False,False,3,True
RRKABEL.NS,2026-06-03,2150.47900390625,2124.6442784214373,3.1123947903140214,-0.06028362594543424,0.5380682583209007,2.7585037944625856,61.167592183940364,1.98,True,71.72075262299197,False,True,False,1,True
RRKABEL.NS,2026-06-04,2217.410400390625,2163.546162046691,0.017990615592844428,-2.069273118574122,-4.268994715449348,3.5532236507671344,76.15622335764166,1.2,True,78.59823360597368,False,True,False,1,False
RRKABEL.NS,2026-06-18,2296.199951171875,2283.5,1.0844067160469706,,,,72.49531519409953,2.68,True,83.55396478096806,False,True,False,2,True
SAILIFE.NS,2026-05-25,1175.9000244140625,1153.300048828125,-2.9679414652153624,-3.801349801354159,-2.6107723960193785,1.5902670961498666,66.80868489416883,1.24,True,47.94880657578785,False,False,False,1,False
SAILIFE.NS,2026-06-05,1186.4000244140625,1184.800048828125,0.6911624244044345,0.14328650850412572,2.671944581890151,2.5286580733860253,63.05121004553326,1.72,True,68.8753390974985,False,True,False,2,False
SAILIFE.NS,2026-06-08,1194.5999755859375,1190.0,2.9382200153420746,-1.1217164480092912,1.1133474886939831,,62.4909659155009,1.06,True,66.72091414334784,False,True,False,2,False
SAILIFE.NS,2026-06-09,1229.699951171875,1202.699951171875,-3.382937077153958,-0.9433175609125599,-1.9028952811985134,,64.92233573874806,1.45,True,67.26022203546034,False,True,False,3,False
SAMMAANCAP.NS,2026-05-21,154.25999450683594,153.0,4.667452653586213,8.719053990654224,12.355771746470644,18.70867472970943,59.816882090370534,6.86,True,77.760160564183,False,False,False,1,True
SAMMAANCAP.NS,2026-05-22,161.4600067138672,158.60000610351562,4.397368109434607,7.345472635443007,9.630860365642002,14.133526022868526,63.473280331601345,1.16,True,79.58636873479836,False,False,False,0,True
SAMMAANCAP.NS,2026-05-25,168.55999755859375,162.64999389648438,-0.5042660518733699,2.8239261002423577,5.214765467629023,4.8469377594202445,70.59826054480666,1.0,True,84.74171462182501,False,False,False,0,True
SAMMAANCAP.NS,2026-05-27,173.32000732421875,171.8000030517578,0.0,2.3251780573481096,2.654044917111986,0.4038754434926517,68.65259108763948,0.67,True,85.5315136689967,False,False,False,0,True
SAMMAANCAP.NS,2026-05-29,177.00999450683594,175.5,0.1920861009159225,0.5140973336814847,4.1071151336486755,-1.4631921463567954,79.21389593558166,0.96,True,90.67236915350492,False,False,False,0,False
SAMMAANCAP.NS,2026-06-04,183.1199951171875,181.83999633789062,0.6334664116646849,-1.348842991789323,-8.273260321347841,-4.761905555492596,88.1819970438789,1.52,True,87.30884983685974,False,True,False,1,False
SAPPHIRE.NS,2026-06-19,187.8699951171875,187.05999755859375,,,,,62.41837184164395,0.47,True,81.93618204454053,False,False,False,0,False
SAREGAMA.NS,2026-06-01,459.75,443.0,-0.46764413191612286,-1.555191712122761,-0.6199034482905152,0.6199034482905041,82.60981152948156,11.45,True,91.23788692365666,False,False,False,2,True
SBILIFE.NS,2026-05-25,1901.9000244140625,1895.0,-0.9832311373963343,-1.9664558564577939,-4.700563818626846,-7.229612399966234,66.98949783588499,0.56,True,68.24589759343829,False,False,False,4,False
SBIN.NS,2026-06-09,1002.7000122070312,992.5999755859375,0.054850681786478006,1.4411102055564395,1.2566047105358802,,79.00335659231038,1.15,True,66.42091535107694,False,True,False,4,False
SBIN.NS,2026-06-12,1017.1500244140625,1012.4000244140625,0.36375668122372584,0.9192326954249985,1.7647299553686935,,77.40636820064842,0.62,True,65.81454427995081,False,True,False,4,False
SBIN.NS,2026-06-15,1020.8499755859375,1018.7000122070312,-0.543663410461781,2.1403708780417308,,,79.29490200900328,0.79,True,65.3308263077106,False,True,False,5,False
SBIN.NS,2026-06-18,1042.699951171875,1034.0,-0.7288746467664087,,,,83.1218101113918,1.0,True,70.86239814883338,False,True,False,5,False
SCHAEFFLER.NS,2026-06-19,4329.89990234375,4252.0,,,,,62.9464586994661,4.23,True,54.66549849426033,False,False,False,6,True
SCHNEIDER.NS,2026-05-26,1376.800048828125,1372.9000244140625,0.05810043066845072,-4.938988784746101,-14.199592756145051,-20.264380455061225,59.13228697643143,1.6,True,63.511345296542416,False,False,False,0,True
SHRIRAMFIN.NS,2026-06-15,1000.6500244140625,975.5499877929688,0.5096662630797333,0.20486561164769768,,,59.48377185402737,2.12,True,47.17134591302097,False,True,False,4,True
SHYAMMETL.NS,2026-05-22,947.7999877929688,938.0,1.5034817665678935,2.9805866600381092,2.6957151426498793,5.64465084290402,59.71584807673534,1.55,True,57.78554004263622,False,False,False,1,True
SHYAMMETL.NS,2026-05-25,962.0499877929688,952.5,1.7722559128224624,1.4552258383285555,-0.06756025021084078,1.4344356289247795,66.06489755828676,1.49,True,63.47012591661711,False,False,False,1,True
SHYAMMETL.NS,2026-05-26,979.0999755859375,978.0,-0.31150933193961894,-0.5872740418116029,0.5668521056599651,-0.5923795258495179,68.3503803380401,1.52,True,69.25192823482053,False,False,False,1,True
SHYAMMETL.NS,2026-06-04,1002.0,992.0,-0.06986149770771277,-2.8642726753524195,-3.2485017757453827,-2.684633175056139,86.78857383943158,1.99,False,85.2719852796986,False,True,False,2,False
SONACOMS.NS,2026-05-27,618.7000122070312,614.0,0.0,-2.9901405584277674,-2.4648455954607296,-4.759982483591196,67.39036062963496,1.32,True,70.97133982809676,False,False,False,6,False
SONATSOFTW.NS,2026-06-16,311.25,292.3999938964844,-1.815259083207832,-4.449801157756028,,,72.4137863643894,44.67,True,93.41069414622764,False,False,False,1,True
SPLPETRO.NS,2026-06-19,750.25,732.2000122070312,,,,,72.07719531851053,5.6,True,81.3740744007733,False,True,False,5,True
STARHEALTH.NS,2026-06-18,565.6500244140625,543.3499755859375,2.5810969602734657,,,,70.71425074130737,13.33,True,78.52924264178654,False,False,False,7,True
SYRMA.NS,2026-06-03,1195.300048828125,1188.0,2.2002782300224233,0.49359174288785557,2.5516605667256664,8.617083225335875,78.61561518871837,1.64,True,80.04684428799064,False,True,False,0,False
SYRMA.NS,2026-06-04,1221.5999755859375,1214.800048828125,0.42567725492081987,2.8814729818002816,1.1460380058770925,10.248860162438667,84.50074669284201,0.91,True,85.9790833247424,False,True,False,0,False
SYRMA.NS,2026-06-09,1256.800048828125,1234.0,-2.4665816992054723,0.7877070304843636,3.3816039424591215,,90.64306276136176,0.83,True,89.32091074380898,False,True,False,0,False
SYRMA.NS,2026-06-15,1301.0999755859375,1290.9000244140625,-0.13833885109419963,3.5124182691346872,,,83.48898969747029,1.23,True,87.87676908455273,False,True,False,1,False
SYRMA.NS,2026-06-18,1346.800048828125,1335.0,-0.9504045414360229,,,,84.2461167691986,1.1,True,84.05821319905813,False,True,False,1,False
TARIL.NS,2026-06-19,357.54998779296875,332.8500061035156,,,,,70.8389997317774,17.34,True,88.54929653074947,False,False,False,4,True
TATACAP.NS,2026-06-09,322.8500061035156,318.0,-0.48010477969446796,0.9911666807982389,5.033297101685585,,67.15496332716236,1.17,True,65.107948802269,False,True,False,5,False
TATACAP.NS,2026-06-15,340.70001220703125,327.70001220703125,-0.46962314240932557,1.3941883856210646,,,68.57366306323544,2.42,True,64.8353675780566,False,False,False,5,True
TATACAP.NS,2026-06-19,366.79998779296875,348.75,,,,,90.62303264343441,13.95,True,91.74852841109684,False,False,False,1,True
TATACOMM.NS,2026-05-20,1759.5994873046875,1700.5365539550783,6.7977075249681995,9.033566501387934,10.756925650375294,8.904031519623912,73.67143296538667,6.09,True,74.96282548464359,False,False,False,1,True
TATACOMM.NS,2026-05-21,1879.2119140625,1788.734578877697,3.5701052791307752,5.94842159253719,3.707212651995806,4.724984968661539,79.63588300463684,1.56,True,79.79427890252444,False,False,False,0,True
TATACOMM.NS,2026-05-22,1946.3017578125,1912.6081847553412,-1.425661799496536,0.13238122380536677,0.05091537285506487,0.4429725245143956,83.44639484548144,2.06,True,86.82159478241262,False,False,False,0,True
TATACOMM.NS,2026-05-26,1990.995361328125,1966.418878597646,-2.115377375946903,-2.1950144921280668,-5.121698437925537,-1.6574562940053439,82.25582084440376,1.47,True,91.98109498971245,False,False,False,0,True
TATAELXSI.NS,2026-06-02,4450.48828125,4346.650699166098,-4.046079915739586,-5.059256577359406,-6.0282842911372985,-7.448357580146137,89.01993975656335,5.47,True,70.27443258608879,False,True,False,2,True
TATATECH.NS,2026-05-20,664.2489013671875,661.8359408201361,-1.5345876258631042,0.4225652100963595,6.71657973947386,8.392019372503334,84.58401935975778,1.35,True,93.27438798998142,False,False,False,2,False
TATATECH.NS,2026-05-26,695.6171264648438,675.2795228488179,1.9042921065744567,-0.14158122964210706,4.481103828194644,5.4934148846831565,77.91196370377804,1.59,True,74.25058658944155,False,False,False,1,False
TATATECH.NS,2026-05-27,708.8637084960938,698.276300704311,0.0,-0.6877375737933344,1.5699900026028946,5.342136828900723,79.6333025296744,1.57,True,81.66695625661737,False,False,False,1,False
TATATECH.NS,2026-06-02,726.7884521484375,717.9738106127444,-0.9350250787263592,4.50572243074272,0.9688939142078024,4.33633626370562,82.37340207768466,1.47,True,81.69843791849098,False,True,False,1,False
TATATECH.NS,2026-06-04,737.0311279296875,730.8264152362597,3.05338454217865,-0.43429192851188736,-2.2582964970943697,2.2616255468295376,83.42914825255745,1.3,True,80.01833263982098,False,True,False,1,False
TATATECH.NS,2026-06-05,759.5355224609375,740.2812632799447,1.0892116265932117,-1.685680833607217,-1.3226129700270706,-2.2758017169402955,84.55163724232116,1.73,True,81.69246121099046,False,True,False,1,False
TATATECH.NS,2026-06-08,767.8084716796875,764.2629098811026,-4.4253497717844485,-6.17623973212873,-0.9876807007820676,,81.8285872623412,1.82,True,81.67550913872792,False,True,False,1,True
TBOTEK.NS,2026-06-12,1352.800048828125,1288.4000244140625,7.33293521520848,7.599048125912167,10.127143336421195,,74.41451260210076,3.1,True,71.74942685544772,False,False,False,3,True
TBOTEK.NS,2026-06-15,1452.0,1369.0,-2.0454511826360156,0.9090875462723913,,,81.11871343979443,23.21,True,91.23608503074686,False,False,False,0,True
TCS.NS,2026-06-02,2446.89990234375,2437.9436740268407,-8.38611955378008,-10.135273607328788,-12.092848671918443,-10.131182812435458,76.09031633516913,1.88,True,52.53464005027175,False,True,False,4,True
TECHM.NS,2026-06-01,1543.199951171875,1506.800048828125,1.8273764991226793,-3.622336969444606,-2.579051841440849,-7.620527430462554,71.48984847146741,3.12,True,79.82480847931893,False,False,False,2,True
TECHM.NS,2026-06-02,1571.4000244140625,1562.5,-6.306476647974435,-5.59373953470812,-5.574645171499304,-7.929233400158431,77.27779041808758,1.64,True,85.81858341071599,False,False,False,2,True
TECHNOE.NS,2026-05-25,1373.0,1349.800048828125,-12.51274936839949,-21.87909864632648,-23.29206473620721,-26.511289147851425,64.23357664233578,0.88,True,74.01551917483093,False,False,False,0,True
TEGA.NS,2026-05-29,1766.0,1700.0999755859375,2.5707828094033047,3.1200439176634953,4.626271300785678,-0.5379388448471079,68.0311226934416,105.28,True,92.66680482449158,False,False,False,4,True
TEJASNET.NS,2026-06-03,569.25,554.9500122070312,5.74440267141525,-4.699165568730789,-3.2411088637736007,5.753184014053581,82.78303898370655,4.36,True,90.04189499530744,False,False,False,0,True
TEJASNET.NS,2026-06-04,601.9500122070312,582.4000244140625,-4.277763847132155,-10.2001865884081,-4.726308103677934,-0.2990261245064407,91.1052795748354,3.44,True,94.00381482612873,False,False,False,0,True
TEJASNET.NS,2026-06-19,632.3499755859375,629.4500122070312,,,,,69.84869022360789,2.11,True,78.93338558539193,False,True,False,1,True
THELEELA.NS,2026-06-15,458.20001220703125,431.45001220703125,-0.06547758676429538,-0.13094851321053813,,,68.42357389228687,7.99,True,73.11535992222474,False,False,False,10,True
THELEELA.NS,2026-06-19,494.20001220703125,472.75,,,,,81.21300987125743,4.34,True,83.19055265830266,False,False,False,0,True
THERMAX.NS,2026-05-29,4982.7001953125,4880.0,0.20269349908912382,-3.977766824079798,-3.0224595450861758,-5.14581212143187,67.47324144562678,8.15,True,73.38682297587482,False,False,False,2,True
TIINDIA.NS,2026-05-27,3210.5,3100.0,0.0,-4.793642807779164,-4.370037340854227,-4.616101889795199,62.49039044355023,2.53,True,37.481902106419305,False,False,False,1,True
TIINDIA.NS,2026-06-16,3264.199951171875,3258.89990234375,0.10722382367365224,0.6556015809231264,,,53.163661196919804,0.8,True,45.42383337753475,False,True,True,3,False
TITAGARH.NS,2026-06-04,864.0,860.0,-3.0208305076316555,-2.0601837723343452,-4.780091179741753,7.9398119891131325,68.59992753343799,1.81,True,80.96000304768494,False,True,False,1,False
TITAGARH.NS,2026-06-16,894.4500122070312,890.6500244140625,2.901225541156882,3.1304152963127274,,,59.928558456788785,2.5,True,62.38665559403803,False,True,False,1,False
TITAGARH.NS,2026-06-17,920.4000244140625,899.7999877929688,1.3255053072865453,,,,63.86889396834267,2.26,True,67.96348121120954,False,True,False,2,True
TITAGARH.NS,2026-06-18,932.5999755859375,922.7999877929688,-1.0883512378958793,,,,70.86845358574766,2.57,True,78.76770708159063,False,True,False,0,True
TITAN.NS,2026-06-16,4338.0,4297.0,0.9797141539880094,1.8879645537978273,,,61.15758080026485,0.8,True,57.36915472781851,False,True,False,5,False
TITAN.NS,2026-06-17,4380.5,4344.0,0.1689282580470186,,,,62.91524953183862,0.72,True,59.35916674001036,False,True,False,5,False
TITAN.NS,2026-06-19,4419.89990234375,4410.0,,,,,72.84176995544922,1.13,True,75.07642156567674,False,False,False,5,False
TMCV.NS,2026-06-15,406.6000061035156,398.0,0.02459569651116489,0.11066937597108417,,,64.46382913488861,2.58,True,57.108104488773094,False,True,False,0,True
TMPV.NS,2026-05-25,370.17926025390625,363.93110122170077,3.3087706102060466,7.421298242032948,3.121227854761166,4.219691387509705,69.53955800591147,0.97,True,76.7649448356751,False,False,False,6,False
TMPV.NS,2026-05-26,382.4276428222656,371.22060976355607,3.9808117041135738,2.152490837208876,1.1929483635054305,0.570535317353893,67.3624367458155,2.01,True,78.35849725696156,False,False,False,1,True
TMPV.NS,2026-05-27,397.6513671875,384.11363862114547,0.0,-4.002996107516054,-0.6983447733886705,-4.975679649799236,72.34726932009544,1.37,True,79.65747132171062,False,False,False,1,True
TORNTPHARM.NS,2026-05-25,4563.53125,4546.065746032597,-2.6352669430882103,-0.7610651359624243,-4.670316383968009,-3.3555450651565066,68.01062975240686,3.53,True,81.07109945526143,False,False,False,4,True
TRAVELFOOD.NS,2026-06-04,1286.0999755859375,1270.9000244140625,-0.17882954680600305,-7.9231806506829034,-5.419481571805507,3.631138646193599,82.87214556425131,4.18,True,73.35789498690926,False,True,False,1,True
TRENT.NS,2026-06-17,3102.800048828125,2944.5,2.478403414128927,,,,68.26589792521011,4.56,True,69.24556864469278,False,False,False,7,True
TRENT.NS,2026-06-18,3179.699951171875,3115.0,0.8208352378227035,,,,72.64721938643609,1.8,True,72.19256829608251,False,False,False,0,True
TRENT.NS,2026-06-19,3205.800048828125,3192.0,,,,,77.60981457584208,0.95,True,77.75896550688284,False,False,False,0,True
TRIDENT.NS,2026-06-18,25.969999313354492,25.399999618530273,-0.1540200586687801,,,,72.9215907736902,4.35,True,75.5093456052958,False,False,False,5,True
TRITURBINE.NS,2026-05-20,656.5499877929688,655.4000244140625,7.470868738853098,5.513671903143225,9.534694659202936,1.8734274650306304,69.65549839289423,1.46,True,93.38892402276342,False,False,False,0,True
TRITURBINE.NS,2026-05-21,705.5999755859375,664.0,0.19133172729670633,-2.1471037277638216,1.9203584604538637,-1.7290180830496826,75.35926429408777,2.14,True,95.3203006270964,False,False,False,0,True
TRITURBINE.NS,2026-05-29,741.5,738.0,-6.338503034389753,-9.797710642489887,-7.36344916870364,-9.480780551985003,81.17303035387035,1.81,True,95.63289594755491,False,False,False,1,False
TTML.NS,2026-06-05,46.15999984741211,44.84000015258789,-5.805893227978487,-7.9289425032727845,0.6065831460625004,-4.267766956705421,89.73454422451223,13.65,True,86.59801117641277,False,True,False,4,True
UCOBANK.NS,2026-06-17,28.200000762939453,26.690000534057617,-0.744684348013469,,,,70.65216489911197,28.12,True,91.59497756001191,False,False,False,5,True
UNIONBANK.NS,2026-06-18,176.1199951171875,174.14999389648438,-0.2044064389804423,,,,61.393771420710564,1.29,True,55.75348571573817,False,True,False,7,False
UNITDSPR.NS,2026-06-18,1350.300048828125,1310.300048828125,-2.2069205177017714,,,,69.90581761710462,4.18,True,72.21195975787171,False,False,False,7,True
USHAMART.NS,2026-05-27,510.45001220703125,490.0,0.0,-3.8593420973494275,-2.4488196103578885,-5.837989538231303,65.27971344232375,15.35,True,78.24790826641969,False,False,False,4,True
USHAMART.NS,2026-06-04,519.7999877929688,518.0,-1.2889596699451666,-4.5690651323099685,-7.637549561710499,-5.5790690036626955,72.08861575437231,2.93,True,74.38168500902789,False,True,False,1,True
VBL.NS,2026-05-22,539.4500122070312,534.188924425381,-1.6220223935488387,-0.9176035026451257,-2.122534423567113,-2.9937944292536933,68.79311046381106,3.55,True,69.69351743573894,False,False,False,4,True
VOLTAS.NS,2026-06-17,1352.9000244140625,1345.0,0.3473982620342264,,,,67.56956415787431,2.2,True,58.63586943654436,False,True,False,2,True
VTL.NS,2026-06-18,661.4000244140625,650.8499755859375,-0.5972198459669786,,,,78.49174280416055,3.4,True,86.94024519593194,False,True,False,2,True
WELCORP.NS,2026-06-03,1413.5999755859375,1398.800048828125,-0.7710826685282335,-4.739671841903403,-3.0560237632975773,-1.3653032746985372,57.09012289263482,2.03,True,48.5047194785908,False,True,False,3,True
WELSPUNLIV.NS,2026-05-21,145.5,142.0,-4.329899004644544,-4.597939822272334,-4.15807769880262,-0.8384888114798095,80.53912881786653,0.92,True,74.45361323472432,False,False,False,4,True
WELSPUNLIV.NS,2026-06-18,163.0,147.49000549316406,-0.472395259178493,,,,76.00247285408575,16.01,True,87.9597120257785,False,False,False,5,True
WIPRO.NS,2026-05-25,206.83999633789062,205.67999267578125,-1.5035779662609938,-2.5430258170394127,-0.20788661931652186,-12.125315352493226,60.99003523013602,3.21,True,63.39514767095134,False,False,False,5,True
WOCKPHARMA.NS,2026-05-29,2031.4000244140625,1789.0,5.9810906994909985,2.092147160525215,-5.4395982412116295,-4.597815461826771,80.98657375301075,9.81,True,82.99962805988339,False,False,False,0,True
WOCKPHARMA.NS,2026-06-01,2152.89990234375,2097.39990234375,-8.67202190722497,-3.7159182325619544,-12.076728585785112,-11.393930878568359,90.38968900752279,3.05,True,90.68195499024215,False,False,False,0,True
YESBANK.NS,2026-06-17,25.110000610351562,24.489999771118164,1.4735122377186771,,,,68.9210950575107,2.99,True,79.71506401059628,False,True,False,3,True
ZEEL.NS,2026-06-04,104.41999816894531,99.80000305175781,7.517715583005735,3.064551459251419,6.732425687197163,7.048458857893802,70.82901462234503,2.17,True,78.35415003457662,False,False,False,1,True
ZEEL.NS,2026-06-05,112.2699966430664,107.5,-1.0510379802782799,-8.319227413522368,0.2939359053370616,0.9708773491376776,82.45078701801917,4.33,True,88.17795308382578,False,False,False,0,True
ZENTEC.NS,2026-06-04,1809.800048828125,1721.699951171875,0.3039009753348809,-1.5084566301013291,-5.232626295015708,6.608463496471906,78.90679875775606,14.13,True,84.43232956192068,False,True,False,2,True
ZENTEC.NS,2026-06-17,1887.4000244140625,1885.0,2.2252834299416158,,,,65.6295765162194,1.74,True,80.8962048716342,False,True,False,1,True
ZENTEC.NS,2026-06-18,1929.4000244140625,1897.0,3.5036785907819556,,,,71.17261079815131,2.06,True,85.97343605077064,False,True,False,1,True
ZENTEC.NS,2026-06-19,1997.0,1983.0,,,,,79.23622293335508,1.3,True,88.81358686574234,False,False,False,0,True
ZFCVINDIA.NS,2026-06-18,15581.0,15349.0,1.373467685000973,,,,64.80574600065296,2.53,True,70.7555863011182,False,False,False,8,True
